CodigoNacional,nombreEstacion,latitud,longitud,date,tmin
180005.0,"Chacalluta, Arica Ap.",-18.35555,-70.34028,2022-01-01,16.8
180005.0,"Chacalluta, Arica Ap.",-18.35555,-70.34028,2022-01-02,16.9
180005.0,"Chacalluta, Arica Ap.",-18.35555,-70.34028,2022-01-03,17.1
180005.0,"Chacalluta, Arica Ap.",-18.35555,-70.34028,2022-01-04,17.3
180005.0,"Chacalluta, Arica Ap.",-18.35555,-70.34028,2022-01-05,16.9
180005.0,"Chacalluta, Arica Ap.",-18.35555,-70.34028,2022-01-06,19.1
180005.0,"Chacalluta, Arica Ap.",-18.35555,-70.34028,2022-01-07,19.5
180005.0,"Chacalluta, Arica Ap.",-18.35555,-70.34028,2022-01-08,19.8
180005.0,"Chacalluta, Arica Ap.",-18.35555,-70.34028,2022-01-09,19.9
180005.0,"Chacalluta, Arica Ap.",-18.35555,-70.34028,2022-01-10,20.9
180005.0,"Chacalluta, Arica Ap.",-18.35555,-70.34028,2022-01-11,21.1
180005.0,"Chacalluta, Arica Ap.",-18.35555,-70.34028,2022-01-12,19.8
180005.0,"Chacalluta, Arica Ap.",-18.35555,-70.34028,2022-01-13,18.9
180005.0,"Chacalluta, Arica Ap.",-18.35555,-70.34028,2022-01-14,20.6
180005.0,"Chacalluta, Arica Ap.",-18.35555,-70.34028,2022-01-15,19.2
180005.0,"Chacalluta, Arica Ap.",-18.35555,-70.34028,2022-01-16,19.7
180005.0,"Chacalluta, Arica Ap.",-18.35555,-70.34028,2022-01-17,19.3
180017.0,Putre,-18.2,-69.5625,2022-01-01,8.6
180017.0,Putre,-18.2,-69.5625,2022-01-02,6.6
180017.0,Putre,-18.2,-69.5625,2022-01-03,3.9
180017.0,Putre,-18.2,-69.5625,2022-01-04,4.2
180017.0,Putre,-18.2,-69.5625,2022-01-05,3.6
180017.0,Putre,-18.2,-69.5625,2022-01-06,5.0
180017.0,Putre,-18.2,-69.5625,2022-01-07,7.3
180017.0,Putre,-18.2,-69.5625,2022-01-08,5.1
180017.0,Putre,-18.2,-69.5625,2022-01-09,5.3
180017.0,Putre,-18.2,-69.5625,2022-01-10,5.5
180017.0,Putre,-18.2,-69.5625,2022-01-11,4.1
180017.0,Putre,-18.2,-69.5625,2022-01-12,6.0
180017.0,Putre,-18.2,-69.5625,2022-01-14,6.1
180017.0,Putre,-18.2,-69.5625,2022-01-15,4.9
180017.0,Putre,-18.2,-69.5625,2022-01-16,6.1
180017.0,Putre,-18.2,-69.5625,2022-01-17,5.9
200006.0,Diego Aracena Iquique Ap.,-20.54917,-70.18111,2022-01-01,17.3
200006.0,Diego Aracena Iquique Ap.,-20.54917,-70.18111,2022-01-02,18.3
200006.0,Diego Aracena Iquique Ap.,-20.54917,-70.18111,2022-01-03,18.5
200006.0,Diego Aracena Iquique Ap.,-20.54917,-70.18111,2022-01-04,18.0
200006.0,Diego Aracena Iquique Ap.,-20.54917,-70.18111,2022-01-05,18.2
200006.0,Diego Aracena Iquique Ap.,-20.54917,-70.18111,2022-01-06,17.6
200006.0,Diego Aracena Iquique Ap.,-20.54917,-70.18111,2022-01-07,17.8
200006.0,Diego Aracena Iquique Ap.,-20.54917,-70.18111,2022-01-08,19.6
200006.0,Diego Aracena Iquique Ap.,-20.54917,-70.18111,2022-01-09,19.5
200006.0,Diego Aracena Iquique Ap.,-20.54917,-70.18111,2022-01-10,19.5
200006.0,Diego Aracena Iquique Ap.,-20.54917,-70.18111,2022-01-11,19.3
200006.0,Diego Aracena Iquique Ap.,-20.54917,-70.18111,2022-01-12,18.2
200006.0,Diego Aracena Iquique Ap.,-20.54917,-70.18111,2022-01-13,17.9
200006.0,Diego Aracena Iquique Ap.,-20.54917,-70.18111,2022-01-14,18.1
200006.0,Diego Aracena Iquique Ap.,-20.54917,-70.18111,2022-01-15,19.1
200006.0,Diego Aracena Iquique Ap.,-20.54917,-70.18111,2022-01-16,18.0
200006.0,Diego Aracena Iquique Ap.,-20.54917,-70.18111,2022-01-17,18.3
220002.0,"El Loa, Calama Ad.",-22.49806,-68.8925,2022-01-01,6.1
220002.0,"El Loa, Calama Ad.",-22.49806,-68.8925,2022-01-02,5.1
220002.0,"El Loa, Calama Ad.",-22.49806,-68.8925,2022-01-03,4.5
220002.0,"El Loa, Calama Ad.",-22.49806,-68.8925,2022-01-04,5.2
220002.0,"El Loa, Calama Ad.",-22.49806,-68.8925,2022-01-05,5.0
220002.0,"El Loa, Calama Ad.",-22.49806,-68.8925,2022-01-06,4.1
220002.0,"El Loa, Calama Ad.",-22.49806,-68.8925,2022-01-07,6.3
220002.0,"El Loa, Calama Ad.",-22.49806,-68.8925,2022-01-08,9.9
220002.0,"El Loa, Calama Ad.",-22.49806,-68.8925,2022-01-09,10.9
220002.0,"El Loa, Calama Ad.",-22.49806,-68.8925,2022-01-10,12.4
220002.0,"El Loa, Calama Ad.",-22.49806,-68.8925,2022-01-11,11.9
220002.0,"El Loa, Calama Ad.",-22.49806,-68.8925,2022-01-12,10.1
220002.0,"El Loa, Calama Ad.",-22.49806,-68.8925,2022-01-13,8.1
220002.0,"El Loa, Calama Ad.",-22.49806,-68.8925,2022-01-14,10.5
220002.0,"El Loa, Calama Ad.",-22.49806,-68.8925,2022-01-15,8.4
220002.0,"El Loa, Calama Ad.",-22.49806,-68.8925,2022-01-16,8.3
220002.0,"El Loa, Calama Ad.",-22.49806,-68.8925,2022-01-17,7.6
270001.0,Mataveri  Isla de Pascua Ap.,-27.15889,-109.4325,2022-01-01,19.8
270001.0,Mataveri  Isla de Pascua Ap.,-27.15889,-109.4325,2022-01-02,18.1
270001.0,Mataveri  Isla de Pascua Ap.,-27.15889,-109.4325,2022-01-03,17.4
270001.0,Mataveri  Isla de Pascua Ap.,-27.15889,-109.4325,2022-01-04,17.0
270001.0,Mataveri  Isla de Pascua Ap.,-27.15889,-109.4325,2022-01-05,16.1
270001.0,Mataveri  Isla de Pascua Ap.,-27.15889,-109.4325,2022-01-06,18.5
270001.0,Mataveri  Isla de Pascua Ap.,-27.15889,-109.4325,2022-01-07,18.0
270001.0,Mataveri  Isla de Pascua Ap.,-27.15889,-109.4325,2022-01-08,19.7
270001.0,Mataveri  Isla de Pascua Ap.,-27.15889,-109.4325,2022-01-09,20.7
270001.0,Mataveri  Isla de Pascua Ap.,-27.15889,-109.4325,2022-01-10,20.4
270001.0,Mataveri  Isla de Pascua Ap.,-27.15889,-109.4325,2022-01-11,19.5
270001.0,Mataveri  Isla de Pascua Ap.,-27.15889,-109.4325,2022-01-12,20.1
270001.0,Mataveri  Isla de Pascua Ap.,-27.15889,-109.4325,2022-01-13,17.6
270001.0,Mataveri  Isla de Pascua Ap.,-27.15889,-109.4325,2022-01-14,17.7
270001.0,Mataveri  Isla de Pascua Ap.,-27.15889,-109.4325,2022-01-15,18.3
270001.0,Mataveri  Isla de Pascua Ap.,-27.15889,-109.4325,2022-01-16,19.9
270001.0,Mataveri  Isla de Pascua Ap.,-27.15889,-109.4325,2022-01-17,20.6
270008.0,"Desierto de Atacama, Caldera  Ad.",-27.25444,-70.78111,2022-01-01,
270008.0,"Desierto de Atacama, Caldera  Ad.",-27.25444,-70.78111,2022-01-02,
270008.0,"Desierto de Atacama, Caldera  Ad.",-27.25444,-70.78111,2022-01-03,
270008.0,"Desierto de Atacama, Caldera  Ad.",-27.25444,-70.78111,2022-01-04,
270008.0,"Desierto de Atacama, Caldera  Ad.",-27.25444,-70.78111,2022-01-05,
270008.0,"Desierto de Atacama, Caldera  Ad.",-27.25444,-70.78111,2022-01-06,
270008.0,"Desierto de Atacama, Caldera  Ad.",-27.25444,-70.78111,2022-01-07,
270008.0,"Desierto de Atacama, Caldera  Ad.",-27.25444,-70.78111,2022-01-08,
270008.0,"Desierto de Atacama, Caldera  Ad.",-27.25444,-70.78111,2022-01-09,
270008.0,"Desierto de Atacama, Caldera  Ad.",-27.25444,-70.78111,2022-01-10,
270008.0,"Desierto de Atacama, Caldera  Ad.",-27.25444,-70.78111,2022-01-11,
270008.0,"Desierto de Atacama, Caldera  Ad.",-27.25444,-70.78111,2022-01-12,
270008.0,"Desierto de Atacama, Caldera  Ad.",-27.25444,-70.78111,2022-01-13,
270008.0,"Desierto de Atacama, Caldera  Ad.",-27.25444,-70.78111,2022-01-14,
270008.0,"Desierto de Atacama, Caldera  Ad.",-27.25444,-70.78111,2022-01-15,
270008.0,"Desierto de Atacama, Caldera  Ad.",-27.25444,-70.78111,2022-01-16,
270008.0,"Desierto de Atacama, Caldera  Ad.",-27.25444,-70.78111,2022-01-17,
270009.0,Copiapó Universidad de Atacama,-27.35889,-70.35333,2022-01-01,15.4
270009.0,Copiapó Universidad de Atacama,-27.35889,-70.35333,2022-01-02,12.1
270009.0,Copiapó Universidad de Atacama,-27.35889,-70.35333,2022-01-03,12.1
270009.0,Copiapó Universidad de Atacama,-27.35889,-70.35333,2022-01-04,12.6
270009.0,Copiapó Universidad de Atacama,-27.35889,-70.35333,2022-01-05,14.1
270009.0,Copiapó Universidad de Atacama,-27.35889,-70.35333,2022-01-06,13.1
270009.0,Copiapó Universidad de Atacama,-27.35889,-70.35333,2022-01-07,12.9
270009.0,Copiapó Universidad de Atacama,-27.35889,-70.35333,2022-01-08,14.5
270009.0,Copiapó Universidad de Atacama,-27.35889,-70.35333,2022-01-09,13.5
270009.0,Copiapó Universidad de Atacama,-27.35889,-70.35333,2022-01-10,15.3
270009.0,Copiapó Universidad de Atacama,-27.35889,-70.35333,2022-01-11,15.4
270009.0,Copiapó Universidad de Atacama,-27.35889,-70.35333,2022-01-12,15.8
270009.0,Copiapó Universidad de Atacama,-27.35889,-70.35333,2022-01-13,15.7
270009.0,Copiapó Universidad de Atacama,-27.35889,-70.35333,2022-01-14,16.2
270009.0,Copiapó Universidad de Atacama,-27.35889,-70.35333,2022-01-15,16.5
270009.0,Copiapó Universidad de Atacama,-27.35889,-70.35333,2022-01-16,16.1
270009.0,Copiapó Universidad de Atacama,-27.35889,-70.35333,2022-01-17,14.1
290004.0,"La Florida, La Serena Ad.",-29.91444,-71.20667,2022-01-01,14.0
290004.0,"La Florida, La Serena Ad.",-29.91444,-71.20667,2022-01-02,13.8
290004.0,"La Florida, La Serena Ad.",-29.91444,-71.20667,2022-01-03,14.1
290004.0,"La Florida, La Serena Ad.",-29.91444,-71.20667,2022-01-04,13.4
290004.0,"La Florida, La Serena Ad.",-29.91444,-71.20667,2022-01-05,14.8
290004.0,"La Florida, La Serena Ad.",-29.91444,-71.20667,2022-01-06,13.4
290004.0,"La Florida, La Serena Ad.",-29.91444,-71.20667,2022-01-07,12.9
290004.0,"La Florida, La Serena Ad.",-29.91444,-71.20667,2022-01-08,14.7
290004.0,"La Florida, La Serena Ad.",-29.91444,-71.20667,2022-01-09,14.4
290004.0,"La Florida, La Serena Ad.",-29.91444,-71.20667,2022-01-10,15.5
290004.0,"La Florida, La Serena Ad.",-29.91444,-71.20667,2022-01-11,15.6
290004.0,"La Florida, La Serena Ad.",-29.91444,-71.20667,2022-01-12,16.2
290004.0,"La Florida, La Serena Ad.",-29.91444,-71.20667,2022-01-13,15.9
290004.0,"La Florida, La Serena Ad.",-29.91444,-71.20667,2022-01-14,15.0
290004.0,"La Florida, La Serena Ad.",-29.91444,-71.20667,2022-01-15,16.2
290004.0,"La Florida, La Serena Ad.",-29.91444,-71.20667,2022-01-16,15.1
290004.0,"La Florida, La Serena Ad.",-29.91444,-71.20667,2022-01-17,13.2
300046.0,"Vicuña, Parque Los Pimientos",-30.03361,-70.69722,2022-01-01,12.2
300046.0,"Vicuña, Parque Los Pimientos",-30.03361,-70.69722,2022-01-02,12.9
300046.0,"Vicuña, Parque Los Pimientos",-30.03361,-70.69722,2022-01-03,13.3
300046.0,"Vicuña, Parque Los Pimientos",-30.03361,-70.69722,2022-01-04,13.2
300046.0,"Vicuña, Parque Los Pimientos",-30.03361,-70.69722,2022-01-05,12.8
300046.0,"Vicuña, Parque Los Pimientos",-30.03361,-70.69722,2022-01-06,12.2
300046.0,"Vicuña, Parque Los Pimientos",-30.03361,-70.69722,2022-01-07,12.6
300046.0,"Vicuña, Parque Los Pimientos",-30.03361,-70.69722,2022-01-08,12.5
300046.0,"Vicuña, Parque Los Pimientos",-30.03361,-70.69722,2022-01-09,11.6
300046.0,"Vicuña, Parque Los Pimientos",-30.03361,-70.69722,2022-01-10,14.2
300046.0,"Vicuña, Parque Los Pimientos",-30.03361,-70.69722,2022-01-11,14.3
300046.0,"Vicuña, Parque Los Pimientos",-30.03361,-70.69722,2022-01-12,15.7
300046.0,"Vicuña, Parque Los Pimientos",-30.03361,-70.69722,2022-01-13,14.9
300046.0,"Vicuña, Parque Los Pimientos",-30.03361,-70.69722,2022-01-14,14.7
300046.0,"Vicuña, Parque Los Pimientos",-30.03361,-70.69722,2022-01-15,14.6
300046.0,"Vicuña, Parque Los Pimientos",-30.03361,-70.69722,2022-01-16,13.9
300046.0,"Vicuña, Parque Los Pimientos",-30.03361,-70.69722,2022-01-17,11.5
310024.0,Liceo Samuel Román Rojas (Combarbalá),-31.18805,-70.99889,2022-01-01,13.6
310024.0,Liceo Samuel Román Rojas (Combarbalá),-31.18805,-70.99889,2022-01-02,15.8
310024.0,Liceo Samuel Román Rojas (Combarbalá),-31.18805,-70.99889,2022-01-03,16.3
310024.0,Liceo Samuel Román Rojas (Combarbalá),-31.18805,-70.99889,2022-01-04,15.8
310024.0,Liceo Samuel Román Rojas (Combarbalá),-31.18805,-70.99889,2022-01-05,16.3
310024.0,Liceo Samuel Román Rojas (Combarbalá),-31.18805,-70.99889,2022-01-06,14.8
310024.0,Liceo Samuel Román Rojas (Combarbalá),-31.18805,-70.99889,2022-01-07,15.0
310024.0,Liceo Samuel Román Rojas (Combarbalá),-31.18805,-70.99889,2022-01-08,15.1
310024.0,Liceo Samuel Román Rojas (Combarbalá),-31.18805,-70.99889,2022-01-09,11.6
310024.0,Liceo Samuel Román Rojas (Combarbalá),-31.18805,-70.99889,2022-01-10,13.6
310024.0,Liceo Samuel Román Rojas (Combarbalá),-31.18805,-70.99889,2022-01-11,17.0
310024.0,Liceo Samuel Román Rojas (Combarbalá),-31.18805,-70.99889,2022-01-12,17.6
310024.0,Liceo Samuel Román Rojas (Combarbalá),-31.18805,-70.99889,2022-01-13,16.3
310024.0,Liceo Samuel Román Rojas (Combarbalá),-31.18805,-70.99889,2022-01-14,16.6
310024.0,Liceo Samuel Román Rojas (Combarbalá),-31.18805,-70.99889,2022-01-15,15.0
310024.0,Liceo Samuel Román Rojas (Combarbalá),-31.18805,-70.99889,2022-01-16,14.1
310024.0,Liceo Samuel Román Rojas (Combarbalá),-31.18805,-70.99889,2022-01-17,13.1
320019.0,San Felipe Escuela Agrícola,-32.75528,-70.70694,2022-01-01,9.5
320019.0,San Felipe Escuela Agrícola,-32.75528,-70.70694,2022-01-02,9.0
320019.0,San Felipe Escuela Agrícola,-32.75528,-70.70694,2022-01-03,10.3
320019.0,San Felipe Escuela Agrícola,-32.75528,-70.70694,2022-01-04,12.3
320019.0,San Felipe Escuela Agrícola,-32.75528,-70.70694,2022-01-05,12.5
320019.0,San Felipe Escuela Agrícola,-32.75528,-70.70694,2022-01-06,12.2
320019.0,San Felipe Escuela Agrícola,-32.75528,-70.70694,2022-01-07,12.2
320019.0,San Felipe Escuela Agrícola,-32.75528,-70.70694,2022-01-08,13.5
320019.0,San Felipe Escuela Agrícola,-32.75528,-70.70694,2022-01-09,12.2
320019.0,San Felipe Escuela Agrícola,-32.75528,-70.70694,2022-01-10,12.2
320019.0,San Felipe Escuela Agrícola,-32.75528,-70.70694,2022-01-11,14.3
320019.0,San Felipe Escuela Agrícola,-32.75528,-70.70694,2022-01-12,15.1
320019.0,San Felipe Escuela Agrícola,-32.75528,-70.70694,2022-01-13,13.8
320019.0,San Felipe Escuela Agrícola,-32.75528,-70.70694,2022-01-14,13.8
320019.0,San Felipe Escuela Agrícola,-32.75528,-70.70694,2022-01-15,14.1
320019.0,San Felipe Escuela Agrícola,-32.75528,-70.70694,2022-01-16,13.5
320019.0,San Felipe Escuela Agrícola,-32.75528,-70.70694,2022-01-17,12.3
320041.0,Viña del Mar  Ad. (Torquemada),-32.94944,-71.47611,2022-01-01,8.2
320041.0,Viña del Mar  Ad. (Torquemada),-32.94944,-71.47611,2022-01-02,10.7
320041.0,Viña del Mar  Ad. (Torquemada),-32.94944,-71.47611,2022-01-03,11.6
320041.0,Viña del Mar  Ad. (Torquemada),-32.94944,-71.47611,2022-01-04,14.0
320041.0,Viña del Mar  Ad. (Torquemada),-32.94944,-71.47611,2022-01-05,11.7
320041.0,Viña del Mar  Ad. (Torquemada),-32.94944,-71.47611,2022-01-06,12.3
320041.0,Viña del Mar  Ad. (Torquemada),-32.94944,-71.47611,2022-01-07,10.3
320041.0,Viña del Mar  Ad. (Torquemada),-32.94944,-71.47611,2022-01-08,13.6
320041.0,Viña del Mar  Ad. (Torquemada),-32.94944,-71.47611,2022-01-09,13.6
320041.0,Viña del Mar  Ad. (Torquemada),-32.94944,-71.47611,2022-01-10,12.2
320041.0,Viña del Mar  Ad. (Torquemada),-32.94944,-71.47611,2022-01-11,13.0
320041.0,Viña del Mar  Ad. (Torquemada),-32.94944,-71.47611,2022-01-12,15.1
320041.0,Viña del Mar  Ad. (Torquemada),-32.94944,-71.47611,2022-01-13,15.2
320041.0,Viña del Mar  Ad. (Torquemada),-32.94944,-71.47611,2022-01-14,11.5
320041.0,Viña del Mar  Ad. (Torquemada),-32.94944,-71.47611,2022-01-15,14.5
320041.0,Viña del Mar  Ad. (Torquemada),-32.94944,-71.47611,2022-01-16,15.2
320041.0,Viña del Mar  Ad. (Torquemada),-32.94944,-71.47611,2022-01-17,15.2
320051.0,Los Libertadores,-32.84555,-70.11917,2022-01-02,6.2
320051.0,Los Libertadores,-32.84555,-70.11917,2022-01-03,7.3
320051.0,Los Libertadores,-32.84555,-70.11917,2022-01-04,7.3
320051.0,Los Libertadores,-32.84555,-70.11917,2022-01-05,9.1
320051.0,Los Libertadores,-32.84555,-70.11917,2022-01-07,11.3
330007.0,"Rodelillo, Ad.",-33.06528,-71.55639,2022-01-01,8.7
330007.0,"Rodelillo, Ad.",-33.06528,-71.55639,2022-01-02,10.3
330007.0,"Rodelillo, Ad.",-33.06528,-71.55639,2022-01-03,12.7
330007.0,"Rodelillo, Ad.",-33.06528,-71.55639,2022-01-04,13.1
330007.0,"Rodelillo, Ad.",-33.06528,-71.55639,2022-01-05,11.3
330007.0,"Rodelillo, Ad.",-33.06528,-71.55639,2022-01-06,11.7
330007.0,"Rodelillo, Ad.",-33.06528,-71.55639,2022-01-07,10.6
330007.0,"Rodelillo, Ad.",-33.06528,-71.55639,2022-01-08,12.4
330007.0,"Rodelillo, Ad.",-33.06528,-71.55639,2022-01-09,14.2
330007.0,"Rodelillo, Ad.",-33.06528,-71.55639,2022-01-10,12.4
330007.0,"Rodelillo, Ad.",-33.06528,-71.55639,2022-01-11,14.1
330007.0,"Rodelillo, Ad.",-33.06528,-71.55639,2022-01-12,13.7
330007.0,"Rodelillo, Ad.",-33.06528,-71.55639,2022-01-13,13.8
330007.0,"Rodelillo, Ad.",-33.06528,-71.55639,2022-01-14,11.9
330007.0,"Rodelillo, Ad.",-33.06528,-71.55639,2022-01-15,14.0
330007.0,"Rodelillo, Ad.",-33.06528,-71.55639,2022-01-16,13.1
330007.0,"Rodelillo, Ad.",-33.06528,-71.55639,2022-01-17,11.3
330019.0,"Eulogio Sánchez, Tobalaba Ad.",-33.45528,-70.54861,2022-01-01,12.6
330019.0,"Eulogio Sánchez, Tobalaba Ad.",-33.45528,-70.54861,2022-01-02,12.4
330019.0,"Eulogio Sánchez, Tobalaba Ad.",-33.45528,-70.54861,2022-01-03,13.5
330019.0,"Eulogio Sánchez, Tobalaba Ad.",-33.45528,-70.54861,2022-01-04,14.7
330019.0,"Eulogio Sánchez, Tobalaba Ad.",-33.45528,-70.54861,2022-01-05,16.1
330019.0,"Eulogio Sánchez, Tobalaba Ad.",-33.45528,-70.54861,2022-01-06,14.7
330019.0,"Eulogio Sánchez, Tobalaba Ad.",-33.45528,-70.54861,2022-01-07,14.6
330019.0,"Eulogio Sánchez, Tobalaba Ad.",-33.45528,-70.54861,2022-01-08,16.1
330019.0,"Eulogio Sánchez, Tobalaba Ad.",-33.45528,-70.54861,2022-01-09,14.5
330019.0,"Eulogio Sánchez, Tobalaba Ad.",-33.45528,-70.54861,2022-01-10,14.3
330019.0,"Eulogio Sánchez, Tobalaba Ad.",-33.45528,-70.54861,2022-01-11,15.9
330019.0,"Eulogio Sánchez, Tobalaba Ad.",-33.45528,-70.54861,2022-01-12,16.8
330019.0,"Eulogio Sánchez, Tobalaba Ad.",-33.45528,-70.54861,2022-01-13,14.6
330019.0,"Eulogio Sánchez, Tobalaba Ad.",-33.45528,-70.54861,2022-01-14,14.8
330019.0,"Eulogio Sánchez, Tobalaba Ad.",-33.45528,-70.54861,2022-01-15,16.1
330019.0,"Eulogio Sánchez, Tobalaba Ad.",-33.45528,-70.54861,2022-01-16,14.1
330019.0,"Eulogio Sánchez, Tobalaba Ad.",-33.45528,-70.54861,2022-01-17,11.4
330020.0,"Quinta Normal, Santiago",-33.445,-70.68278,2022-01-01,11.3
330020.0,"Quinta Normal, Santiago",-33.445,-70.68278,2022-01-02,11.5
330020.0,"Quinta Normal, Santiago",-33.445,-70.68278,2022-01-03,12.5
330020.0,"Quinta Normal, Santiago",-33.445,-70.68278,2022-01-04,14.0
330020.0,"Quinta Normal, Santiago",-33.445,-70.68278,2022-01-05,15.0
330020.0,"Quinta Normal, Santiago",-33.445,-70.68278,2022-01-06,13.5
330020.0,"Quinta Normal, Santiago",-33.445,-70.68278,2022-01-07,12.5
330020.0,"Quinta Normal, Santiago",-33.445,-70.68278,2022-01-08,14.8
330020.0,"Quinta Normal, Santiago",-33.445,-70.68278,2022-01-09,13.6
330020.0,"Quinta Normal, Santiago",-33.445,-70.68278,2022-01-10,13.1
330020.0,"Quinta Normal, Santiago",-33.445,-70.68278,2022-01-11,14.8
330020.0,"Quinta Normal, Santiago",-33.445,-70.68278,2022-01-12,15.5
330020.0,"Quinta Normal, Santiago",-33.445,-70.68278,2022-01-13,13.2
330020.0,"Quinta Normal, Santiago",-33.445,-70.68278,2022-01-14,13.8
330020.0,"Quinta Normal, Santiago",-33.445,-70.68278,2022-01-15,14.7
330020.0,"Quinta Normal, Santiago",-33.445,-70.68278,2022-01-16,13.8
330020.0,"Quinta Normal, Santiago",-33.445,-70.68278,2022-01-17,12.5
330021.0,Pudahuel Santiago ,-33.37833,-70.78778,2022-01-01,11.0
330021.0,Pudahuel Santiago ,-33.37833,-70.78778,2022-01-02,11.2
330021.0,Pudahuel Santiago ,-33.37833,-70.78778,2022-01-03,13.4
330021.0,Pudahuel Santiago ,-33.37833,-70.78778,2022-01-04,15.2
330021.0,Pudahuel Santiago ,-33.37833,-70.78778,2022-01-05,16.2
330021.0,Pudahuel Santiago ,-33.37833,-70.78778,2022-01-06,13.9
330021.0,Pudahuel Santiago ,-33.37833,-70.78778,2022-01-07,12.9
330021.0,Pudahuel Santiago ,-33.37833,-70.78778,2022-01-08,16.3
330021.0,Pudahuel Santiago ,-33.37833,-70.78778,2022-01-09,14.0
330021.0,Pudahuel Santiago ,-33.37833,-70.78778,2022-01-10,14.5
330021.0,Pudahuel Santiago ,-33.37833,-70.78778,2022-01-11,16.5
330021.0,Pudahuel Santiago ,-33.37833,-70.78778,2022-01-12,15.0
330021.0,Pudahuel Santiago ,-33.37833,-70.78778,2022-01-13,13.6
330021.0,Pudahuel Santiago ,-33.37833,-70.78778,2022-01-14,14.7
330021.0,Pudahuel Santiago ,-33.37833,-70.78778,2022-01-15,15.7
330021.0,Pudahuel Santiago ,-33.37833,-70.78778,2022-01-16,13.8
330021.0,Pudahuel Santiago ,-33.37833,-70.78778,2022-01-17,13.1
330030.0,"Santo Domingo, Ad.",-33.65611,-71.61333,2022-01-01,5.9
330030.0,"Santo Domingo, Ad.",-33.65611,-71.61333,2022-01-02,7.8
330030.0,"Santo Domingo, Ad.",-33.65611,-71.61333,2022-01-03,10.8
330030.0,"Santo Domingo, Ad.",-33.65611,-71.61333,2022-01-04,10.3
330030.0,"Santo Domingo, Ad.",-33.65611,-71.61333,2022-01-05,12.9
330030.0,"Santo Domingo, Ad.",-33.65611,-71.61333,2022-01-06,11.1
330030.0,"Santo Domingo, Ad.",-33.65611,-71.61333,2022-01-07,12.8
330030.0,"Santo Domingo, Ad.",-33.65611,-71.61333,2022-01-08,14.1
330030.0,"Santo Domingo, Ad.",-33.65611,-71.61333,2022-01-09,16.0
330030.0,"Santo Domingo, Ad.",-33.65611,-71.61333,2022-01-10,14.0
330030.0,"Santo Domingo, Ad.",-33.65611,-71.61333,2022-01-11,15.4
330030.0,"Santo Domingo, Ad.",-33.65611,-71.61333,2022-01-12,15.4
330030.0,"Santo Domingo, Ad.",-33.65611,-71.61333,2022-01-13,14.8
330030.0,"Santo Domingo, Ad.",-33.65611,-71.61333,2022-01-14,9.6
330030.0,"Santo Domingo, Ad.",-33.65611,-71.61333,2022-01-15,12.0
330030.0,"Santo Domingo, Ad.",-33.65611,-71.61333,2022-01-16,14.3
330030.0,"Santo Domingo, Ad.",-33.65611,-71.61333,2022-01-17,8.3
330031.0,"Juan Fernández, Estación Meteorológica.",-33.63583,-78.83305,2022-01-01,14.0
330031.0,"Juan Fernández, Estación Meteorológica.",-33.63583,-78.83305,2022-01-02,16.6
330031.0,"Juan Fernández, Estación Meteorológica.",-33.63583,-78.83305,2022-01-03,17.3
330031.0,"Juan Fernández, Estación Meteorológica.",-33.63583,-78.83305,2022-01-04,16.8
330031.0,"Juan Fernández, Estación Meteorológica.",-33.63583,-78.83305,2022-01-05,15.8
330031.0,"Juan Fernández, Estación Meteorológica.",-33.63583,-78.83305,2022-01-06,15.3
330031.0,"Juan Fernández, Estación Meteorológica.",-33.63583,-78.83305,2022-01-07,15.5
330031.0,"Juan Fernández, Estación Meteorológica.",-33.63583,-78.83305,2022-01-08,15.2
330031.0,"Juan Fernández, Estación Meteorológica.",-33.63583,-78.83305,2022-01-09,15.0
330031.0,"Juan Fernández, Estación Meteorológica.",-33.63583,-78.83305,2022-01-10,14.7
330031.0,"Juan Fernández, Estación Meteorológica.",-33.63583,-78.83305,2022-01-11,15.3
330031.0,"Juan Fernández, Estación Meteorológica.",-33.63583,-78.83305,2022-01-12,16.0
330031.0,"Juan Fernández, Estación Meteorológica.",-33.63583,-78.83305,2022-01-13,18.3
330031.0,"Juan Fernández, Estación Meteorológica.",-33.63583,-78.83305,2022-01-14,18.2
330031.0,"Juan Fernández, Estación Meteorológica.",-33.63583,-78.83305,2022-01-15,16.9
330031.0,"Juan Fernández, Estación Meteorológica.",-33.63583,-78.83305,2022-01-16,15.6
330031.0,"Juan Fernández, Estación Meteorológica.",-33.63583,-78.83305,2022-01-17,13.3
330077.0,El Colorado,-33.35,-70.29361,2022-01-01,6.6
330077.0,El Colorado,-33.35,-70.29361,2022-01-02,6.9
330077.0,El Colorado,-33.35,-70.29361,2022-01-03,7.2
330077.0,El Colorado,-33.35,-70.29361,2022-01-04,7.5
330077.0,El Colorado,-33.35,-70.29361,2022-01-05,9.2
330077.0,El Colorado,-33.35,-70.29361,2022-01-06,9.5
330077.0,El Colorado,-33.35,-70.29361,2022-01-07,8.7
330077.0,El Colorado,-33.35,-70.29361,2022-01-08,10.5
330077.0,El Colorado,-33.35,-70.29361,2022-01-09,8.4
330077.0,El Colorado,-33.35,-70.29361,2022-01-10,10.7
330077.0,El Colorado,-33.35,-70.29361,2022-01-11,11.1
330077.0,El Colorado,-33.35,-70.29361,2022-01-12,11.9
330111.0,Lo Prado Cerro San Francisco,-33.45806,-70.94861,2022-01-01,10.2
330111.0,Lo Prado Cerro San Francisco,-33.45806,-70.94861,2022-01-02,11.0
330111.0,Lo Prado Cerro San Francisco,-33.45806,-70.94861,2022-01-03,13.6
330111.0,Lo Prado Cerro San Francisco,-33.45806,-70.94861,2022-01-04,12.9
330111.0,Lo Prado Cerro San Francisco,-33.45806,-70.94861,2022-01-05,15.3
330111.0,Lo Prado Cerro San Francisco,-33.45806,-70.94861,2022-01-06,12.3
330111.0,Lo Prado Cerro San Francisco,-33.45806,-70.94861,2022-01-07,14.1
330111.0,Lo Prado Cerro San Francisco,-33.45806,-70.94861,2022-01-08,16.3
330111.0,Lo Prado Cerro San Francisco,-33.45806,-70.94861,2022-01-09,10.3
330111.0,Lo Prado Cerro San Francisco,-33.45806,-70.94861,2022-01-10,12.5
330111.0,Lo Prado Cerro San Francisco,-33.45806,-70.94861,2022-01-11,13.9
330111.0,Lo Prado Cerro San Francisco,-33.45806,-70.94861,2022-01-12,14.2
330111.0,Lo Prado Cerro San Francisco,-33.45806,-70.94861,2022-01-13,14.1
330111.0,Lo Prado Cerro San Francisco,-33.45806,-70.94861,2022-01-14,13.4
330111.0,Lo Prado Cerro San Francisco,-33.45806,-70.94861,2022-01-15,14.4
330111.0,Lo Prado Cerro San Francisco,-33.45806,-70.94861,2022-01-16,9.4
330111.0,Lo Prado Cerro San Francisco,-33.45806,-70.94861,2022-01-17,6.8
330112.0,San José  Guayacán,-33.61528,-70.35055,2022-01-01,9.2
330112.0,San José  Guayacán,-33.61528,-70.35055,2022-01-02,9.8
330112.0,San José  Guayacán,-33.61528,-70.35055,2022-01-03,9.1
330112.0,San José  Guayacán,-33.61528,-70.35055,2022-01-04,11.4
330112.0,San José  Guayacán,-33.61528,-70.35055,2022-01-05,12.8
330112.0,San José  Guayacán,-33.61528,-70.35055,2022-01-06,11.8
330112.0,San José  Guayacán,-33.61528,-70.35055,2022-01-07,11.9
330112.0,San José  Guayacán,-33.61528,-70.35055,2022-01-08,12.0
330112.0,San José  Guayacán,-33.61528,-70.35055,2022-01-09,12.5
330112.0,San José  Guayacán,-33.61528,-70.35055,2022-01-10,11.6
330112.0,San José  Guayacán,-33.61528,-70.35055,2022-01-11,13.1
330112.0,San José  Guayacán,-33.61528,-70.35055,2022-01-12,13.7
330112.0,San José  Guayacán,-33.61528,-70.35055,2022-01-13,13.7
330112.0,San José  Guayacán,-33.61528,-70.35055,2022-01-14,13.3
330112.0,San José  Guayacán,-33.61528,-70.35055,2022-01-15,13.0
330112.0,San José  Guayacán,-33.61528,-70.35055,2022-01-16,13.4
330112.0,San José  Guayacán,-33.61528,-70.35055,2022-01-17,10.2
330113.0,El Paico,-33.70639,-71.00805,2022-01-01,7.8
330113.0,El Paico,-33.70639,-71.00805,2022-01-02,8.6
330113.0,El Paico,-33.70639,-71.00805,2022-01-03,10.4
330113.0,El Paico,-33.70639,-71.00805,2022-01-04,11.1
330113.0,El Paico,-33.70639,-71.00805,2022-01-05,11.9
330113.0,El Paico,-33.70639,-71.00805,2022-01-06,11.2
330113.0,El Paico,-33.70639,-71.00805,2022-01-07,9.1
330113.0,El Paico,-33.70639,-71.00805,2022-01-08,12.3
330113.0,El Paico,-33.70639,-71.00805,2022-01-09,12.1
330113.0,El Paico,-33.70639,-71.00805,2022-01-10,10.8
330113.0,El Paico,-33.70639,-71.00805,2022-01-16,13.4
330113.0,El Paico,-33.70639,-71.00805,2022-01-17,13.7
340031.0,"General Freire, Curicó Ad.",-34.96944,-71.21694,2022-01-01,11.2
340031.0,"General Freire, Curicó Ad.",-34.96944,-71.21694,2022-01-02,12.8
340031.0,"General Freire, Curicó Ad.",-34.96944,-71.21694,2022-01-03,14.4
340031.0,"General Freire, Curicó Ad.",-34.96944,-71.21694,2022-01-04,14.9
340031.0,"General Freire, Curicó Ad.",-34.96944,-71.21694,2022-01-05,16.4
340031.0,"General Freire, Curicó Ad.",-34.96944,-71.21694,2022-01-06,13.7
340031.0,"General Freire, Curicó Ad.",-34.96944,-71.21694,2022-01-07,12.3
340031.0,"General Freire, Curicó Ad.",-34.96944,-71.21694,2022-01-08,15.4
340031.0,"General Freire, Curicó Ad.",-34.96944,-71.21694,2022-01-09,15.1
340031.0,"General Freire, Curicó Ad.",-34.96944,-71.21694,2022-01-10,15.0
340031.0,"General Freire, Curicó Ad.",-34.96944,-71.21694,2022-01-11,15.1
340031.0,"General Freire, Curicó Ad.",-34.96944,-71.21694,2022-01-12,14.9
340031.0,"General Freire, Curicó Ad.",-34.96944,-71.21694,2022-01-13,14.1
340031.0,"General Freire, Curicó Ad.",-34.96944,-71.21694,2022-01-14,13.1
340031.0,"General Freire, Curicó Ad.",-34.96944,-71.21694,2022-01-15,15.0
340031.0,"General Freire, Curicó Ad.",-34.96944,-71.21694,2022-01-16,13.5
340031.0,"General Freire, Curicó Ad.",-34.96944,-71.21694,2022-01-17,12.6
340045.0,Rancagua,-34.17222,-70.77611,2022-01-01,11.1
340045.0,Rancagua,-34.17222,-70.77611,2022-01-02,10.3
340045.0,Rancagua,-34.17222,-70.77611,2022-01-03,13.6
340045.0,Rancagua,-34.17222,-70.77611,2022-01-04,13.4
340045.0,Rancagua,-34.17222,-70.77611,2022-01-05,14.6
340045.0,Rancagua,-34.17222,-70.77611,2022-01-06,12.8
340045.0,Rancagua,-34.17222,-70.77611,2022-01-07,12.4
340045.0,Rancagua,-34.17222,-70.77611,2022-01-08,14.6
340045.0,Rancagua,-34.17222,-70.77611,2022-01-09,12.9
340045.0,Rancagua,-34.17222,-70.77611,2022-01-10,12.5
340045.0,Rancagua,-34.17222,-70.77611,2022-01-11,14.5
340045.0,Rancagua,-34.17222,-70.77611,2022-01-12,15.2
340045.0,Rancagua,-34.17222,-70.77611,2022-01-13,13.7
340045.0,Rancagua,-34.17222,-70.77611,2022-01-14,14.0
340045.0,Rancagua,-34.17222,-70.77611,2022-01-15,15.1
340045.0,Rancagua,-34.17222,-70.77611,2022-01-16,13.6
340045.0,Rancagua,-34.17222,-70.77611,2022-01-17,12.2
360011.0,"General Bernardo O'Higgins, Chillán Ad.",-36.58583,-72.03667,2022-01-01,6.2
360011.0,"General Bernardo O'Higgins, Chillán Ad.",-36.58583,-72.03667,2022-01-02,11.3
360011.0,"General Bernardo O'Higgins, Chillán Ad.",-36.58583,-72.03667,2022-01-03,11.7
360011.0,"General Bernardo O'Higgins, Chillán Ad.",-36.58583,-72.03667,2022-01-04,13.3
360011.0,"General Bernardo O'Higgins, Chillán Ad.",-36.58583,-72.03667,2022-01-05,11.3
360011.0,"General Bernardo O'Higgins, Chillán Ad.",-36.58583,-72.03667,2022-01-06,8.8
360011.0,"General Bernardo O'Higgins, Chillán Ad.",-36.58583,-72.03667,2022-01-07,14.6
360011.0,"General Bernardo O'Higgins, Chillán Ad.",-36.58583,-72.03667,2022-01-08,15.6
360011.0,"General Bernardo O'Higgins, Chillán Ad.",-36.58583,-72.03667,2022-01-09,12.4
360011.0,"General Bernardo O'Higgins, Chillán Ad.",-36.58583,-72.03667,2022-01-10,8.9
360011.0,"General Bernardo O'Higgins, Chillán Ad.",-36.58583,-72.03667,2022-01-11,11.6
360011.0,"General Bernardo O'Higgins, Chillán Ad.",-36.58583,-72.03667,2022-01-12,11.4
360011.0,"General Bernardo O'Higgins, Chillán Ad.",-36.58583,-72.03667,2022-01-13,10.3
360011.0,"General Bernardo O'Higgins, Chillán Ad.",-36.58583,-72.03667,2022-01-14,9.0
360011.0,"General Bernardo O'Higgins, Chillán Ad.",-36.58583,-72.03667,2022-01-15,12.6
360011.0,"General Bernardo O'Higgins, Chillán Ad.",-36.58583,-72.03667,2022-01-16,11.1
360011.0,"General Bernardo O'Higgins, Chillán Ad.",-36.58583,-72.03667,2022-01-17,9.4
360019.0,"Carriel Sur, Concepción Ap.",-36.78055,-73.06639,2022-01-01,13.2
360019.0,"Carriel Sur, Concepción Ap.",-36.78055,-73.06639,2022-01-02,15.2
360019.0,"Carriel Sur, Concepción Ap.",-36.78055,-73.06639,2022-01-03,15.7
360019.0,"Carriel Sur, Concepción Ap.",-36.78055,-73.06639,2022-01-04,15.6
360019.0,"Carriel Sur, Concepción Ap.",-36.78055,-73.06639,2022-01-05,11.4
360019.0,"Carriel Sur, Concepción Ap.",-36.78055,-73.06639,2022-01-06,12.3
360019.0,"Carriel Sur, Concepción Ap.",-36.78055,-73.06639,2022-01-07,12.7
360019.0,"Carriel Sur, Concepción Ap.",-36.78055,-73.06639,2022-01-08,13.0
360019.0,"Carriel Sur, Concepción Ap.",-36.78055,-73.06639,2022-01-09,15.1
360019.0,"Carriel Sur, Concepción Ap.",-36.78055,-73.06639,2022-01-10,12.2
360019.0,"Carriel Sur, Concepción Ap.",-36.78055,-73.06639,2022-01-11,14.3
360019.0,"Carriel Sur, Concepción Ap.",-36.78055,-73.06639,2022-01-12,15.1
360019.0,"Carriel Sur, Concepción Ap.",-36.78055,-73.06639,2022-01-13,13.7
360019.0,"Carriel Sur, Concepción Ap.",-36.78055,-73.06639,2022-01-14,14.7
360019.0,"Carriel Sur, Concepción Ap.",-36.78055,-73.06639,2022-01-15,16.3
360019.0,"Carriel Sur, Concepción Ap.",-36.78055,-73.06639,2022-01-16,9.5
360019.0,"Carriel Sur, Concepción Ap.",-36.78055,-73.06639,2022-01-17,9.6
360042.0,Termas de Chillán,-36.90361,-71.41,2022-01-01,
360042.0,Termas de Chillán,-36.90361,-71.41,2022-01-02,
360042.0,Termas de Chillán,-36.90361,-71.41,2022-01-03,
360042.0,Termas de Chillán,-36.90361,-71.41,2022-01-04,
360042.0,Termas de Chillán,-36.90361,-71.41,2022-01-05,
360047.0,Retiro Copihue,-36.07555,-71.75805,2022-01-01,4.6
360047.0,Retiro Copihue,-36.07555,-71.75805,2022-01-02,7.5
360047.0,Retiro Copihue,-36.07555,-71.75805,2022-01-03,10.9
360047.0,Retiro Copihue,-36.07555,-71.75805,2022-01-04,10.3
360047.0,Retiro Copihue,-36.07555,-71.75805,2022-01-05,10.7
360047.0,Retiro Copihue,-36.07555,-71.75805,2022-01-06,7.5
360047.0,Retiro Copihue,-36.07555,-71.75805,2022-01-07,9.1
360047.0,Retiro Copihue,-36.07555,-71.75805,2022-01-08,11.5
360047.0,Retiro Copihue,-36.07555,-71.75805,2022-01-09,8.8
360047.0,Retiro Copihue,-36.07555,-71.75805,2022-01-10,7.6
360047.0,Retiro Copihue,-36.07555,-71.75805,2022-01-11,10.5
360047.0,Retiro Copihue,-36.07555,-71.75805,2022-01-12,10.3
360047.0,Retiro Copihue,-36.07555,-71.75805,2022-01-13,8.8
360047.0,Retiro Copihue,-36.07555,-71.75805,2022-01-14,10.5
360047.0,Retiro Copihue,-36.07555,-71.75805,2022-01-15,10.1
360047.0,Retiro Copihue,-36.07555,-71.75805,2022-01-16,10.3
360047.0,Retiro Copihue,-36.07555,-71.75805,2022-01-17,6.8
380013.0,"Maquehue, Temuco Ad.",-38.76778,-72.63194,2022-01-01,12.4
380013.0,"Maquehue, Temuco Ad.",-38.76778,-72.63194,2022-01-02,13.6
380013.0,"Maquehue, Temuco Ad.",-38.76778,-72.63194,2022-01-03,15.8
380013.0,"Maquehue, Temuco Ad.",-38.76778,-72.63194,2022-01-04,12.2
380013.0,"Maquehue, Temuco Ad.",-38.76778,-72.63194,2022-01-05,5.3
380013.0,"Maquehue, Temuco Ad.",-38.76778,-72.63194,2022-01-06,11.1
380013.0,"Maquehue, Temuco Ad.",-38.76778,-72.63194,2022-01-07,11.8
380013.0,"Maquehue, Temuco Ad.",-38.76778,-72.63194,2022-01-08,12.1
380013.0,"Maquehue, Temuco Ad.",-38.76778,-72.63194,2022-01-09,15.0
380013.0,"Maquehue, Temuco Ad.",-38.76778,-72.63194,2022-01-10,9.9
380013.0,"Maquehue, Temuco Ad.",-38.76778,-72.63194,2022-01-11,9.6
380013.0,"Maquehue, Temuco Ad.",-38.76778,-72.63194,2022-01-12,12.0
380013.0,"Maquehue, Temuco Ad.",-38.76778,-72.63194,2022-01-13,10.2
380013.0,"Maquehue, Temuco Ad.",-38.76778,-72.63194,2022-01-14,9.7
380013.0,"Maquehue, Temuco Ad.",-38.76778,-72.63194,2022-01-15,13.3
380013.0,"Maquehue, Temuco Ad.",-38.76778,-72.63194,2022-01-16,5.8
380013.0,"Maquehue, Temuco Ad.",-38.76778,-72.63194,2022-01-17,2.4
380029.0,La Araucanía Ad.,-38.93444,-72.65333,2022-01-01,12.4
380029.0,La Araucanía Ad.,-38.93444,-72.65333,2022-01-02,13.8
380029.0,La Araucanía Ad.,-38.93444,-72.65333,2022-01-03,15.1
380029.0,La Araucanía Ad.,-38.93444,-72.65333,2022-01-04,12.3
380029.0,La Araucanía Ad.,-38.93444,-72.65333,2022-01-05,4.2
380029.0,La Araucanía Ad.,-38.93444,-72.65333,2022-01-06,11.1
380029.0,La Araucanía Ad.,-38.93444,-72.65333,2022-01-07,11.6
380029.0,La Araucanía Ad.,-38.93444,-72.65333,2022-01-08,9.6
380029.0,La Araucanía Ad.,-38.93444,-72.65333,2022-01-09,14.4
380029.0,La Araucanía Ad.,-38.93444,-72.65333,2022-01-10,9.0
380029.0,La Araucanía Ad.,-38.93444,-72.65333,2022-01-11,9.2
380029.0,La Araucanía Ad.,-38.93444,-72.65333,2022-01-12,10.0
380029.0,La Araucanía Ad.,-38.93444,-72.65333,2022-01-13,12.3
380029.0,La Araucanía Ad.,-38.93444,-72.65333,2022-01-14,7.6
380029.0,La Araucanía Ad.,-38.93444,-72.65333,2022-01-15,13.0
380029.0,La Araucanía Ad.,-38.93444,-72.65333,2022-01-16,4.6
380029.0,La Araucanía Ad.,-38.93444,-72.65333,2022-01-17,2.4
380063.0,Victoria (Reg.),-38.22889,-72.34333,2022-01-01,12.0
380063.0,Victoria (Reg.),-38.22889,-72.34333,2022-01-04,11.7
380063.0,Victoria (Reg.),-38.22889,-72.34333,2022-01-05,8.7
380063.0,Victoria (Reg.),-38.22889,-72.34333,2022-01-06,10.8
380063.0,Victoria (Reg.),-38.22889,-72.34333,2022-01-07,12.1
380063.0,Victoria (Reg.),-38.22889,-72.34333,2022-01-08,12.8
380063.0,Victoria (Reg.),-38.22889,-72.34333,2022-01-09,15.2
380063.0,Victoria (Reg.),-38.22889,-72.34333,2022-01-11,10.3
380063.0,Victoria (Reg.),-38.22889,-72.34333,2022-01-12,14.2
380063.0,Victoria (Reg.),-38.22889,-72.34333,2022-01-13,13.5
380063.0,Victoria (Reg.),-38.22889,-72.34333,2022-01-14,14.8
380063.0,Victoria (Reg.),-38.22889,-72.34333,2022-01-15,13.6
380063.0,Victoria (Reg.),-38.22889,-72.34333,2022-01-16,10.4
380063.0,Victoria (Reg.),-38.22889,-72.34333,2022-01-17,8.5
390006.0,"Pichoy, Valdivia Ad.",-39.65667,-73.08722,2022-01-01,13.0
390006.0,"Pichoy, Valdivia Ad.",-39.65667,-73.08722,2022-01-02,13.3
390006.0,"Pichoy, Valdivia Ad.",-39.65667,-73.08722,2022-01-03,14.8
390006.0,"Pichoy, Valdivia Ad.",-39.65667,-73.08722,2022-01-04,12.2
390006.0,"Pichoy, Valdivia Ad.",-39.65667,-73.08722,2022-01-05,4.6
390006.0,"Pichoy, Valdivia Ad.",-39.65667,-73.08722,2022-01-06,5.1
390006.0,"Pichoy, Valdivia Ad.",-39.65667,-73.08722,2022-01-07,8.5
390006.0,"Pichoy, Valdivia Ad.",-39.65667,-73.08722,2022-01-08,9.5
390006.0,"Pichoy, Valdivia Ad.",-39.65667,-73.08722,2022-01-09,11.2
390006.0,"Pichoy, Valdivia Ad.",-39.65667,-73.08722,2022-01-10,9.3
390006.0,"Pichoy, Valdivia Ad.",-39.65667,-73.08722,2022-01-11,5.4
390006.0,"Pichoy, Valdivia Ad.",-39.65667,-73.08722,2022-01-12,6.7
390006.0,"Pichoy, Valdivia Ad.",-39.65667,-73.08722,2022-01-13,7.0
390006.0,"Pichoy, Valdivia Ad.",-39.65667,-73.08722,2022-01-14,10.4
390006.0,"Pichoy, Valdivia Ad.",-39.65667,-73.08722,2022-01-15,12.8
390006.0,"Pichoy, Valdivia Ad.",-39.65667,-73.08722,2022-01-16,6.8
390006.0,"Pichoy, Valdivia Ad.",-39.65667,-73.08722,2022-01-17,-0.1
400009.0,"Cañal Bajo,  Osorno Ad.",-40.61444,-73.0575,2022-01-01,12.6
400009.0,"Cañal Bajo,  Osorno Ad.",-40.61444,-73.0575,2022-01-02,12.5
400009.0,"Cañal Bajo,  Osorno Ad.",-40.61444,-73.0575,2022-01-03,14.0
400009.0,"Cañal Bajo,  Osorno Ad.",-40.61444,-73.0575,2022-01-04,10.4
400009.0,"Cañal Bajo,  Osorno Ad.",-40.61444,-73.0575,2022-01-05,8.8
400009.0,"Cañal Bajo,  Osorno Ad.",-40.61444,-73.0575,2022-01-06,5.9
400009.0,"Cañal Bajo,  Osorno Ad.",-40.61444,-73.0575,2022-01-07,9.6
400009.0,"Cañal Bajo,  Osorno Ad.",-40.61444,-73.0575,2022-01-08,10.1
400009.0,"Cañal Bajo,  Osorno Ad.",-40.61444,-73.0575,2022-01-09,13.7
400009.0,"Cañal Bajo,  Osorno Ad.",-40.61444,-73.0575,2022-01-10,8.3
400009.0,"Cañal Bajo,  Osorno Ad.",-40.61444,-73.0575,2022-01-11,6.5
400009.0,"Cañal Bajo,  Osorno Ad.",-40.61444,-73.0575,2022-01-12,7.6
400009.0,"Cañal Bajo,  Osorno Ad.",-40.61444,-73.0575,2022-01-13,12.8
400009.0,"Cañal Bajo,  Osorno Ad.",-40.61444,-73.0575,2022-01-14,14.0
400009.0,"Cañal Bajo,  Osorno Ad.",-40.61444,-73.0575,2022-01-15,9.2
400009.0,"Cañal Bajo,  Osorno Ad.",-40.61444,-73.0575,2022-01-16,9.3
400009.0,"Cañal Bajo,  Osorno Ad.",-40.61444,-73.0575,2022-01-17,-0.2
410005.0,El Tepual  Puerto Montt Ap.,-41.4475,-73.09583,2022-01-01,12.2
410005.0,El Tepual  Puerto Montt Ap.,-41.4475,-73.09583,2022-01-02,10.6
410005.0,El Tepual  Puerto Montt Ap.,-41.4475,-73.09583,2022-01-03,12.5
410005.0,El Tepual  Puerto Montt Ap.,-41.4475,-73.09583,2022-01-04,10.3
410005.0,El Tepual  Puerto Montt Ap.,-41.4475,-73.09583,2022-01-05,8.6
410005.0,El Tepual  Puerto Montt Ap.,-41.4475,-73.09583,2022-01-06,8.0
410005.0,El Tepual  Puerto Montt Ap.,-41.4475,-73.09583,2022-01-07,9.4
410005.0,El Tepual  Puerto Montt Ap.,-41.4475,-73.09583,2022-01-08,12.7
410005.0,El Tepual  Puerto Montt Ap.,-41.4475,-73.09583,2022-01-09,12.7
410005.0,El Tepual  Puerto Montt Ap.,-41.4475,-73.09583,2022-01-10,13.4
410005.0,El Tepual  Puerto Montt Ap.,-41.4475,-73.09583,2022-01-11,6.1
410005.0,El Tepual  Puerto Montt Ap.,-41.4475,-73.09583,2022-01-12,8.6
410005.0,El Tepual  Puerto Montt Ap.,-41.4475,-73.09583,2022-01-13,11.0
410005.0,El Tepual  Puerto Montt Ap.,-41.4475,-73.09583,2022-01-14,13.9
410005.0,El Tepual  Puerto Montt Ap.,-41.4475,-73.09583,2022-01-15,9.7
410005.0,El Tepual  Puerto Montt Ap.,-41.4475,-73.09583,2022-01-16,7.3
410005.0,El Tepual  Puerto Montt Ap.,-41.4475,-73.09583,2022-01-17,1.5
430001.0,Quellón Ad.,-43.13361,-73.63278,2022-01-01,11.4
430001.0,Quellón Ad.,-43.13361,-73.63278,2022-01-02,9.5
430001.0,Quellón Ad.,-43.13361,-73.63278,2022-01-03,12.0
430001.0,Quellón Ad.,-43.13361,-73.63278,2022-01-04,8.8
430001.0,Quellón Ad.,-43.13361,-73.63278,2022-01-05,5.8
430001.0,Quellón Ad.,-43.13361,-73.63278,2022-01-06,10.7
430001.0,Quellón Ad.,-43.13361,-73.63278,2022-01-07,9.1
430001.0,Quellón Ad.,-43.13361,-73.63278,2022-01-08,14.2
430001.0,Quellón Ad.,-43.13361,-73.63278,2022-01-09,6.9
430001.0,Quellón Ad.,-43.13361,-73.63278,2022-01-10,11.8
430001.0,Quellón Ad.,-43.13361,-73.63278,2022-01-11,9.1
430001.0,Quellón Ad.,-43.13361,-73.63278,2022-01-12,5.5
430001.0,Quellón Ad.,-43.13361,-73.63278,2022-01-13,8.8
430001.0,Quellón Ad.,-43.13361,-73.63278,2022-01-14,12.6
430001.0,Quellón Ad.,-43.13361,-73.63278,2022-01-15,8.5
430001.0,Quellón Ad.,-43.13361,-73.63278,2022-01-16,2.9
430001.0,Quellón Ad.,-43.13361,-73.63278,2022-01-17,0.1
430002.0,Futaleufú Ad.,-43.18889,-71.85222,2022-01-01,9.8
430002.0,Futaleufú Ad.,-43.18889,-71.85222,2022-01-02,7.8
430002.0,Futaleufú Ad.,-43.18889,-71.85222,2022-01-03,8.9
430002.0,Futaleufú Ad.,-43.18889,-71.85222,2022-01-04,9.7
430002.0,Futaleufú Ad.,-43.18889,-71.85222,2022-01-05,4.8
430002.0,Futaleufú Ad.,-43.18889,-71.85222,2022-01-06,9.7
430002.0,Futaleufú Ad.,-43.18889,-71.85222,2022-01-07,12.2
430002.0,Futaleufú Ad.,-43.18889,-71.85222,2022-01-08,13.6
430002.0,Futaleufú Ad.,-43.18889,-71.85222,2022-01-09,16.1
430002.0,Futaleufú Ad.,-43.18889,-71.85222,2022-01-10,14.0
430002.0,Futaleufú Ad.,-43.18889,-71.85222,2022-01-11,14.6
430002.0,Futaleufú Ad.,-43.18889,-71.85222,2022-01-12,9.1
430002.0,Futaleufú Ad.,-43.18889,-71.85222,2022-01-13,9.1
430002.0,Futaleufú Ad.,-43.18889,-71.85222,2022-01-14,15.1
430002.0,Futaleufú Ad.,-43.18889,-71.85222,2022-01-15,8.7
430002.0,Futaleufú Ad.,-43.18889,-71.85222,2022-01-16,5.5
430002.0,Futaleufú Ad.,-43.18889,-71.85222,2022-01-17,0.7
430009.0,Melinka Ad.,-43.89778,-73.73944,2022-01-01,11.3
430009.0,Melinka Ad.,-43.89778,-73.73944,2022-01-02,8.1
430009.0,Melinka Ad.,-43.89778,-73.73944,2022-01-03,11.1
430009.0,Melinka Ad.,-43.89778,-73.73944,2022-01-04,9.6
430009.0,Melinka Ad.,-43.89778,-73.73944,2022-01-05,8.4
430009.0,Melinka Ad.,-43.89778,-73.73944,2022-01-06,10.4
430009.0,Melinka Ad.,-43.89778,-73.73944,2022-01-07,11.2
430009.0,Melinka Ad.,-43.89778,-73.73944,2022-01-08,13.7
430009.0,Melinka Ad.,-43.89778,-73.73944,2022-01-09,10.0
430009.0,Melinka Ad.,-43.89778,-73.73944,2022-01-10,12.9
430009.0,Melinka Ad.,-43.89778,-73.73944,2022-01-11,12.4
430009.0,Melinka Ad.,-43.89778,-73.73944,2022-01-12,12.2
430009.0,Melinka Ad.,-43.89778,-73.73944,2022-01-13,11.3
430009.0,Melinka Ad.,-43.89778,-73.73944,2022-01-14,12.3
430009.0,Melinka Ad.,-43.89778,-73.73944,2022-01-15,10.3
430009.0,Melinka Ad.,-43.89778,-73.73944,2022-01-16,6.1
430009.0,Melinka Ad.,-43.89778,-73.73944,2022-01-17,6.8
450001.0,Puerto Aysén Ad.,-45.39944,-72.67722,2022-01-03,8.0
450001.0,Puerto Aysén Ad.,-45.39944,-72.67722,2022-01-04,8.2
450001.0,Puerto Aysén Ad.,-45.39944,-72.67722,2022-01-05,10.2
450001.0,Puerto Aysén Ad.,-45.39944,-72.67722,2022-01-06,8.6
450001.0,Puerto Aysén Ad.,-45.39944,-72.67722,2022-01-07,15.8
450001.0,Puerto Aysén Ad.,-45.39944,-72.67722,2022-01-11,13.1
450001.0,Puerto Aysén Ad.,-45.39944,-72.67722,2022-01-12,14.6
450001.0,Puerto Aysén Ad.,-45.39944,-72.67722,2022-01-13,12.3
450001.0,Puerto Aysén Ad.,-45.39944,-72.67722,2022-01-17,6.8
450004.0,"Teniente Vidal, Coyhaique Ad.",-45.59083,-72.10222,2022-01-01,8.3
450004.0,"Teniente Vidal, Coyhaique Ad.",-45.59083,-72.10222,2022-01-02,3.4
450004.0,"Teniente Vidal, Coyhaique Ad.",-45.59083,-72.10222,2022-01-03,6.5
450004.0,"Teniente Vidal, Coyhaique Ad.",-45.59083,-72.10222,2022-01-04,7.6
450004.0,"Teniente Vidal, Coyhaique Ad.",-45.59083,-72.10222,2022-01-05,6.8
450004.0,"Teniente Vidal, Coyhaique Ad.",-45.59083,-72.10222,2022-01-06,9.6
450004.0,"Teniente Vidal, Coyhaique Ad.",-45.59083,-72.10222,2022-01-07,14.1
450004.0,"Teniente Vidal, Coyhaique Ad.",-45.59083,-72.10222,2022-01-08,16.4
450004.0,"Teniente Vidal, Coyhaique Ad.",-45.59083,-72.10222,2022-01-09,9.7
450004.0,"Teniente Vidal, Coyhaique Ad.",-45.59083,-72.10222,2022-01-10,13.3
450004.0,"Teniente Vidal, Coyhaique Ad.",-45.59083,-72.10222,2022-01-11,10.7
450004.0,"Teniente Vidal, Coyhaique Ad.",-45.59083,-72.10222,2022-01-12,13.2
450004.0,"Teniente Vidal, Coyhaique Ad.",-45.59083,-72.10222,2022-01-13,8.0
450004.0,"Teniente Vidal, Coyhaique Ad.",-45.59083,-72.10222,2022-01-14,12.0
450004.0,"Teniente Vidal, Coyhaique Ad.",-45.59083,-72.10222,2022-01-15,9.1
450004.0,"Teniente Vidal, Coyhaique Ad.",-45.59083,-72.10222,2022-01-16,2.2
450004.0,"Teniente Vidal, Coyhaique Ad.",-45.59083,-72.10222,2022-01-17,1.5
450005.0,Balmaceda Ad.,-45.91833,-71.67778,2022-01-01,6.8
450005.0,Balmaceda Ad.,-45.91833,-71.67778,2022-01-02,3.3
450005.0,Balmaceda Ad.,-45.91833,-71.67778,2022-01-03,5.9
450005.0,Balmaceda Ad.,-45.91833,-71.67778,2022-01-04,6.1
450005.0,Balmaceda Ad.,-45.91833,-71.67778,2022-01-05,7.8
450005.0,Balmaceda Ad.,-45.91833,-71.67778,2022-01-06,7.4
450005.0,Balmaceda Ad.,-45.91833,-71.67778,2022-01-07,11.0
450005.0,Balmaceda Ad.,-45.91833,-71.67778,2022-01-08,13.7
450005.0,Balmaceda Ad.,-45.91833,-71.67778,2022-01-09,5.1
450005.0,Balmaceda Ad.,-45.91833,-71.67778,2022-01-10,12.1
450005.0,Balmaceda Ad.,-45.91833,-71.67778,2022-01-11,10.1
450005.0,Balmaceda Ad.,-45.91833,-71.67778,2022-01-12,12.6
450005.0,Balmaceda Ad.,-45.91833,-71.67778,2022-01-13,5.3
450005.0,Balmaceda Ad.,-45.91833,-71.67778,2022-01-14,10.7
450005.0,Balmaceda Ad.,-45.91833,-71.67778,2022-01-15,6.8
450005.0,Balmaceda Ad.,-45.91833,-71.67778,2022-01-16,2.2
450005.0,Balmaceda Ad.,-45.91833,-71.67778,2022-01-17,-5.9
510005.0,"Teniente Gallardo, Puerto Natales Ad.",-51.66722,-72.52889,2022-01-01,5.1
510005.0,"Teniente Gallardo, Puerto Natales Ad.",-51.66722,-72.52889,2022-01-02,1.8
510005.0,"Teniente Gallardo, Puerto Natales Ad.",-51.66722,-72.52889,2022-01-03,0.0
510005.0,"Teniente Gallardo, Puerto Natales Ad.",-51.66722,-72.52889,2022-01-04,4.5
510005.0,"Teniente Gallardo, Puerto Natales Ad.",-51.66722,-72.52889,2022-01-05,9.5
510005.0,"Teniente Gallardo, Puerto Natales Ad.",-51.66722,-72.52889,2022-01-06,9.5
510005.0,"Teniente Gallardo, Puerto Natales Ad.",-51.66722,-72.52889,2022-01-07,6.1
510005.0,"Teniente Gallardo, Puerto Natales Ad.",-51.66722,-72.52889,2022-01-08,5.1
510005.0,"Teniente Gallardo, Puerto Natales Ad.",-51.66722,-72.52889,2022-01-09,3.2
510005.0,"Teniente Gallardo, Puerto Natales Ad.",-51.66722,-72.52889,2022-01-10,10.4
510005.0,"Teniente Gallardo, Puerto Natales Ad.",-51.66722,-72.52889,2022-01-11,5.3
510005.0,"Teniente Gallardo, Puerto Natales Ad.",-51.66722,-72.52889,2022-01-12,11.2
510005.0,"Teniente Gallardo, Puerto Natales Ad.",-51.66722,-72.52889,2022-01-13,6.5
510005.0,"Teniente Gallardo, Puerto Natales Ad.",-51.66722,-72.52889,2022-01-14,1.0
510005.0,"Teniente Gallardo, Puerto Natales Ad.",-51.66722,-72.52889,2022-01-15,6.2
510005.0,"Teniente Gallardo, Puerto Natales Ad.",-51.66722,-72.52889,2022-01-16,4.6
510005.0,"Teniente Gallardo, Puerto Natales Ad.",-51.66722,-72.52889,2022-01-17,1.8
520006.0,"Carlos Ibañez, Punta Arenas Ap.",-53.00167,-70.83861,2022-01-01,5.6
520006.0,"Carlos Ibañez, Punta Arenas Ap.",-53.00167,-70.83861,2022-01-02,4.6
520006.0,"Carlos Ibañez, Punta Arenas Ap.",-53.00167,-70.83861,2022-01-03,1.9
520006.0,"Carlos Ibañez, Punta Arenas Ap.",-53.00167,-70.83861,2022-01-04,4.8
520006.0,"Carlos Ibañez, Punta Arenas Ap.",-53.00167,-70.83861,2022-01-05,7.5
520006.0,"Carlos Ibañez, Punta Arenas Ap.",-53.00167,-70.83861,2022-01-06,9.9
520006.0,"Carlos Ibañez, Punta Arenas Ap.",-53.00167,-70.83861,2022-01-07,6.6
520006.0,"Carlos Ibañez, Punta Arenas Ap.",-53.00167,-70.83861,2022-01-08,7.9
520006.0,"Carlos Ibañez, Punta Arenas Ap.",-53.00167,-70.83861,2022-01-09,4.4
520006.0,"Carlos Ibañez, Punta Arenas Ap.",-53.00167,-70.83861,2022-01-10,8.0
520006.0,"Carlos Ibañez, Punta Arenas Ap.",-53.00167,-70.83861,2022-01-11,3.7
520006.0,"Carlos Ibañez, Punta Arenas Ap.",-53.00167,-70.83861,2022-01-12,7.6
520006.0,"Carlos Ibañez, Punta Arenas Ap.",-53.00167,-70.83861,2022-01-13,4.3
520006.0,"Carlos Ibañez, Punta Arenas Ap.",-53.00167,-70.83861,2022-01-14,2.7
520006.0,"Carlos Ibañez, Punta Arenas Ap.",-53.00167,-70.83861,2022-01-15,7.9
520006.0,"Carlos Ibañez, Punta Arenas Ap.",-53.00167,-70.83861,2022-01-16,5.1
520006.0,"Carlos Ibañez, Punta Arenas Ap.",-53.00167,-70.83861,2022-01-17,3.8
530005.0,"Fuentes Martínez, Porvenir Ad.",-53.25361,-70.32611,2022-01-01,6.0
530005.0,"Fuentes Martínez, Porvenir Ad.",-53.25361,-70.32611,2022-01-02,4.9
530005.0,"Fuentes Martínez, Porvenir Ad.",-53.25361,-70.32611,2022-01-03,1.2
530005.0,"Fuentes Martínez, Porvenir Ad.",-53.25361,-70.32611,2022-01-04,4.3
530005.0,"Fuentes Martínez, Porvenir Ad.",-53.25361,-70.32611,2022-01-05,7.9
530005.0,"Fuentes Martínez, Porvenir Ad.",-53.25361,-70.32611,2022-01-06,8.8
530005.0,"Fuentes Martínez, Porvenir Ad.",-53.25361,-70.32611,2022-01-07,6.0
530005.0,"Fuentes Martínez, Porvenir Ad.",-53.25361,-70.32611,2022-01-08,8.7
530005.0,"Fuentes Martínez, Porvenir Ad.",-53.25361,-70.32611,2022-01-09,6.3
530005.0,"Fuentes Martínez, Porvenir Ad.",-53.25361,-70.32611,2022-01-10,8.5
530005.0,"Fuentes Martínez, Porvenir Ad.",-53.25361,-70.32611,2022-01-11,5.0
530005.0,"Fuentes Martínez, Porvenir Ad.",-53.25361,-70.32611,2022-01-12,8.2
530005.0,"Fuentes Martínez, Porvenir Ad.",-53.25361,-70.32611,2022-01-13,5.0
530005.0,"Fuentes Martínez, Porvenir Ad.",-53.25361,-70.32611,2022-01-14,4.3
530005.0,"Fuentes Martínez, Porvenir Ad.",-53.25361,-70.32611,2022-01-15,7.6
530005.0,"Fuentes Martínez, Porvenir Ad.",-53.25361,-70.32611,2022-01-16,5.3
530005.0,"Fuentes Martínez, Porvenir Ad.",-53.25361,-70.32611,2022-01-17,3.9
550001.0,"Guardiamarina Zañartu, Pto Williams Ad.",-54.93167,-67.61556,2022-01-01,2.7
550001.0,"Guardiamarina Zañartu, Pto Williams Ad.",-54.93167,-67.61556,2022-01-02,4.6
550001.0,"Guardiamarina Zañartu, Pto Williams Ad.",-54.93167,-67.61556,2022-01-03,3.6
550001.0,"Guardiamarina Zañartu, Pto Williams Ad.",-54.93167,-67.61556,2022-01-04,4.4
550001.0,"Guardiamarina Zañartu, Pto Williams Ad.",-54.93167,-67.61556,2022-01-05,2.8
550001.0,"Guardiamarina Zañartu, Pto Williams Ad.",-54.93167,-67.61556,2022-01-06,4.4
550001.0,"Guardiamarina Zañartu, Pto Williams Ad.",-54.93167,-67.61556,2022-01-07,6.2
550001.0,"Guardiamarina Zañartu, Pto Williams Ad.",-54.93167,-67.61556,2022-01-08,6.6
550001.0,"Guardiamarina Zañartu, Pto Williams Ad.",-54.93167,-67.61556,2022-01-09,5.3
550001.0,"Guardiamarina Zañartu, Pto Williams Ad.",-54.93167,-67.61556,2022-01-10,7.0
550001.0,"Guardiamarina Zañartu, Pto Williams Ad.",-54.93167,-67.61556,2022-01-11,3.1
550001.0,"Guardiamarina Zañartu, Pto Williams Ad.",-54.93167,-67.61556,2022-01-12,6.5
550001.0,"Guardiamarina Zañartu, Pto Williams Ad.",-54.93167,-67.61556,2022-01-13,2.4
550001.0,"Guardiamarina Zañartu, Pto Williams Ad.",-54.93167,-67.61556,2022-01-14,1.8
550001.0,"Guardiamarina Zañartu, Pto Williams Ad.",-54.93167,-67.61556,2022-01-15,1.0
550001.0,"Guardiamarina Zañartu, Pto Williams Ad.",-54.93167,-67.61556,2022-01-16,3.9
550001.0,"Guardiamarina Zañartu, Pto Williams Ad.",-54.93167,-67.61556,2022-01-17,2.3
950001.0,"C.M.A. Eduardo Frei Montalva, Antártica ",-62.19194,-58.97972,2022-01-01,-0.7
950001.0,"C.M.A. Eduardo Frei Montalva, Antártica ",-62.19194,-58.97972,2022-01-02,-1.0
950001.0,"C.M.A. Eduardo Frei Montalva, Antártica ",-62.19194,-58.97972,2022-01-03,-0.4
950001.0,"C.M.A. Eduardo Frei Montalva, Antártica ",-62.19194,-58.97972,2022-01-04,-1.0
950001.0,"C.M.A. Eduardo Frei Montalva, Antártica ",-62.19194,-58.97972,2022-01-05,-0.4
950001.0,"C.M.A. Eduardo Frei Montalva, Antártica ",-62.19194,-58.97972,2022-01-06,0.1
950001.0,"C.M.A. Eduardo Frei Montalva, Antártica ",-62.19194,-58.97972,2022-01-07,-0.4
950001.0,"C.M.A. Eduardo Frei Montalva, Antártica ",-62.19194,-58.97972,2022-01-08,0.6
950001.0,"C.M.A. Eduardo Frei Montalva, Antártica ",-62.19194,-58.97972,2022-01-09,-0.1
950001.0,"C.M.A. Eduardo Frei Montalva, Antártica ",-62.19194,-58.97972,2022-01-10,-0.3
950001.0,"C.M.A. Eduardo Frei Montalva, Antártica ",-62.19194,-58.97972,2022-01-11,-0.2
950001.0,"C.M.A. Eduardo Frei Montalva, Antártica ",-62.19194,-58.97972,2022-01-12,-0.5
950001.0,"C.M.A. Eduardo Frei Montalva, Antártica ",-62.19194,-58.97972,2022-01-13,-0.7
950001.0,"C.M.A. Eduardo Frei Montalva, Antártica ",-62.19194,-58.97972,2022-01-14,0.2
950001.0,"C.M.A. Eduardo Frei Montalva, Antártica ",-62.19194,-58.97972,2022-01-15,-0.9
950001.0,"C.M.A. Eduardo Frei Montalva, Antártica ",-62.19194,-58.97972,2022-01-16,-1.2
950001.0,"C.M.A. Eduardo Frei Montalva, Antártica ",-62.19194,-58.97972,2022-01-17,-0.3
