latitude,longitude,brightness,scan,track,acq_date,acq_time,satellite,instrument,confidence,version,bright_t31,frp,daynight
-18.0584,-69.73888,301.11,3.9,1.84,2026-07-01,1942,Aqua,MODIS,13,6.1NRT,289.19,18.41,D
-35.39622,-72.38625,314.71,2.21,1.44,2026-07-01,2114,Aqua,MODIS,86,6.1NRT,279.86,55.08,D
-34.10415,-70.45493,303.53,1.85,1.33,2026-07-02,0813,Aqua,MODIS,56,6.1NRT,273.91,26.92,N
-35.09966,-71.75517,306.77,1.86,1.33,2026-07-02,2014,Aqua,MODIS,64,6.1NRT,282.68,26.02,D
-35.10303,-71.74249,303.08,1.86,1.33,2026-07-02,2014,Aqua,MODIS,55,6.1NRT,283.63,18.86,D
-34.80545,-72.10896,311.52,1.95,1.36,2026-07-02,2014,Aqua,MODIS,62,6.1NRT,283.23,36.28,D
-35.84031,-72.39172,310.51,2.09,1.41,2026-07-02,2014,Aqua,MODIS,70,6.1NRT,280.32,39.79,D
-35.84236,-72.41508,303.19,2.1,1.41,2026-07-02,2014,Aqua,MODIS,55,6.1NRT,280.28,26.05,D
-35.83927,-72.3955,328.73,1,1,2026-07-03,1314,Terra,MODIS,86,6.1NRT,276.36,31.37,D
-35.84811,-72.39738,315.38,1,1,2026-07-03,1314,Terra,MODIS,76,6.1NRT,274.62,18.37,D
-38.30465,-73.10465,302.52,1.01,1,2026-07-03,2051,Aqua,MODIS,53,6.1NRT,278.63,9.05,D
-36.1045,-72.61301,302.15,1.06,1.03,2026-07-03,2051,Aqua,MODIS,51,6.1NRT,279.52,9.29,D
-36.09554,-72.61549,326.95,1.06,1.03,2026-07-03,2051,Aqua,MODIS,85,6.1NRT,279.46,31.53,D
-35.80433,-72.37079,300.94,1.08,1.04,2026-07-03,2051,Aqua,MODIS,43,6.1NRT,280.32,9.03,D
-35.76211,-72.34511,310.55,1.09,1.04,2026-07-03,2051,Aqua,MODIS,70,6.1NRT,279.99,15.52,D
-34.69061,-71.76899,314.31,1.18,1.08,2026-07-03,2051,Aqua,MODIS,75,6.1NRT,282.98,20.43,D
-34.10816,-70.45695,305.06,1.01,1.01,2026-07-04,0752,Aqua,MODIS,63,6.1NRT,272.29,12.23,N
-37.68283,-72.75347,310.56,1.36,1.16,2026-07-05,2029,Aqua,MODIS,70,6.1NRT,280.96,21.46,D
-32.80202,-70.95564,303,1.03,1.01,2026-07-05,2032,Aqua,MODIS,54,6.1NRT,287.77,7.12,D
-34.1068,-70.46375,301.34,2.44,1.51,2026-07-06,2108,Aqua,MODIS,46,6.1NRT,281.17,26.79,D
-34.10242,-70.45001,302.92,1.43,1.18,2026-07-07,0807,Aqua,MODIS,52,6.1NRT,270.77,17.16,N
-18.37849,-69.15157,303.35,1.15,1.07,2026-07-10,2029,Aqua,MODIS,41,6.1NRT,289.11,6.28,D
-34.11169,-70.46524,304.45,1.41,1.18,2026-07-12,0132,Terra,MODIS,60,6.1NRT,274.39,17.24,N
-34.10477,-70.45605,312.43,1.41,1.18,2026-07-12,0132,Terra,MODIS,85,6.1NRT,273.93,25,N
-36.74271,-71.96552,302.75,1.08,1.04,2026-07-12,0803,Aqua,MODIS,51,6.1NRT,275.25,10.72,N
-22.31958,-68.88865,307.6,1.4,1.17,2026-07-12,2004,Aqua,MODIS,55,6.1NRT,296.01,8.78,D
-36.74648,-71.97089,301.01,1.16,1.07,2026-07-13,0209,Terra,MODIS,36,6.1NRT,278.86,10.11,N
-34.10624,-70.45103,302.46,1.02,1.01,2026-07-13,1310,Terra,MODIS,52,6.1NRT,274.65,8.92,D
-32.8013,-70.95729,314.79,1.01,1.01,2026-07-13,2040,Aqua,MODIS,75,6.1NRT,285.22,14.68,D
-22.3238,-68.88537,311.84,1.79,1.31,2026-07-13,2042,Aqua,MODIS,70,6.1NRT,293.47,21.91,D
-32.16813,-71.29193,404.65,1.53,1.22,2026-07-15,2019,Aqua,MODIS,100,6.1NRT,295.04,525.93,D
-32.17657,-71.29572,367.48,1.53,1.22,2026-07-15,2019,Aqua,MODIS,100,6.1NRT,285.53,201.29,D
-32.16393,-71.28085,364.12,1.53,1.22,2026-07-15,2019,Aqua,MODIS,94,6.1NRT,275.75,180.21,D
-32.16595,-71.29885,394.65,1.53,1.22,2026-07-15,2019,Aqua,MODIS,100,6.1NRT,295.03,414.74,D
-32.15326,-71.28348,344.39,1.53,1.22,2026-07-15,2019,Aqua,MODIS,68,6.1NRT,268.63,95.62,D
-32.15526,-71.30135,344.67,1.53,1.22,2026-07-15,2019,Aqua,MODIS,79,6.1NRT,280.37,94.36,D
-22.31684,-68.88393,304.2,1,1,2026-07-17,0134,Terra,MODIS,59,6.1NRT,281.03,9.79,N
-22.31732,-68.881,320.54,1.01,1,2026-07-17,0752,Aqua,MODIS,100,6.1NRT,279.79,22.64,N
-22.3169,-68.89596,301.4,1.85,1.33,2026-07-17,2000,Aqua,MODIS,15,6.1NRT,290.9,8.09,D
-22.31478,-68.87801,302.31,1.85,1.33,2026-07-17,2000,Aqua,MODIS,27,6.1NRT,290.34,8.52,D
-22.32481,-68.88882,311.04,1.85,1.33,2026-07-17,2000,Aqua,MODIS,71,6.1NRT,292.2,22.21,D
-22.3202,-68.87829,301.33,1.01,1,2026-07-18,1306,Terra,MODIS,46,6.1NRT,283.57,5.37,D
-23.82771,-70.32057,307.87,1.1,1.04,2026-07-18,2036,Aqua,MODIS,58,6.1NRT,296.55,5.86,D
-22.31773,-68.88286,302.53,1.45,1.19,2026-07-30,0149,Terra,MODIS,50,6.1NRT,280.84,14.48,N
-22.3188,-68.88209,307.72,1.9,1.35,2026-07-30,1244,Terra,MODIS,62,6.1NRT,282.36,23.22,D
-22.32382,-68.88683,314.88,1.73,1.29,2026-07-30,2002,Aqua,MODIS,72,6.1NRT,296.75,22.89,D
-34.10522,-70.45013,316.56,1.34,1.15,2026-08-01,0737,Aqua,MODIS,93,6.1NRT,272.75,31.65,N
-22.32114,-68.88332,310.99,1.05,1.02,2026-08-02,2019,Aqua,MODIS,63,6.1NRT,296.96,7.88,D
-22.45997,-70.23814,300.09,2.46,1.51,2026-08-03,1342,Terra,MODIS,0,6.1NRT,287.41,12.44,D
-22.32004,-68.88342,301.55,1.96,1.37,2026-08-04,1242,Terra,MODIS,45,6.1NRT,283.65,12.69,D
-22.3229,-68.87657,305.88,1.35,1.15,2026-08-05,1323,Terra,MODIS,54,6.1NRT,284.73,9.92,D
-22.31333,-68.88247,310.19,1.35,1.15,2026-08-05,1323,Terra,MODIS,65,6.1NRT,283.66,15.15,D
-22.32139,-68.88955,304.79,1.35,1.15,2026-08-05,1323,Terra,MODIS,45,6.1NRT,285.54,9.31,D
-22.32304,-68.88834,307.49,1.15,1.07,2026-08-05,2034,Aqua,MODIS,53,6.1NRT,296.81,5.78,D
-22.32128,-68.87759,309.04,1.15,1.07,2026-08-05,2034,Aqua,MODIS,60,6.1NRT,295.6,7.25,D
-22.31758,-68.88223,306.56,1.02,1.01,2026-08-06,0128,Terra,MODIS,68,6.1NRT,280.61,11.74,N
-22.31671,-68.87758,306.95,1.1,1.05,2026-08-07,0805,Aqua,MODIS,70,6.1NRT,275.12,14.94,N
-22.32068,-68.88369,306.76,1.04,1.02,2026-08-07,1301,Terra,MODIS,64,6.1NRT,284.35,9.11,D
-23.82563,-70.31665,304.3,1.14,1.06,2026-08-07,1301,Terra,MODIS,59,6.1NRT,289.09,6.51,D
-28.84029,-70.82823,317.73,2.08,1.4,2026-08-07,2010,Aqua,MODIS,78,6.1NRT,294.36,39.64,D
-28.83821,-70.80721,330.35,2.07,1.4,2026-08-07,2010,Aqua,MODIS,87,6.1NRT,294.69,79.1,D
-22.32152,-68.8838,309.08,1.26,1.11,2026-08-07,2012,Aqua,MODIS,60,6.1NRT,296.87,8.4,D
-28.83037,-70.80617,300.49,2.6,1.55,2026-08-08,1342,Terra,MODIS,38,6.1NRT,284.86,19.56,D
-32.80881,-70.95535,320.28,1.05,1.02,2026-08-08,2046,Aqua,MODIS,80,6.1NRT,286.67,21.71,D
-22.32292,-68.88292,303.3,2.03,1.39,2026-08-08,2049,Aqua,MODIS,31,6.1NRT,293.1,9.56,D
-22.31785,-68.89066,304.4,1.52,1.22,2026-08-13,2044,Aqua,MODIS,0,6.1NRT,281.55,10.66,D
-22.31244,-68.88264,322.98,1.44,1.19,2026-08-15,0813,Aqua,MODIS,100,6.1NRT,277.58,43.66,N
-22.31846,-68.88406,306.33,1.05,1.02,2026-08-16,0126,Terra,MODIS,68,6.1NRT,279.92,11.64,N
-22.31915,-68.87631,301.15,1.07,1.03,2026-08-17,1259,Terra,MODIS,43,6.1NRT,283.48,5.34,D
-35.34042,-72.29774,310.72,1.32,1.14,2026-08-18,2034,Aqua,MODIS,70,6.1NRT,287.86,16.76,D
-34.83251,-72.12149,303.3,1.28,1.12,2026-08-18,2034,Aqua,MODIS,42,6.1NRT,286.07,10.31,D
-33.3006,-70.73232,302.25,1.08,1.04,2026-08-18,2034,Aqua,MODIS,51,6.1NRT,290.92,4.86,D
-32.80029,-70.95683,304.16,1.03,1.01,2026-08-19,0141,Terra,MODIS,59,6.1NRT,282.34,9.48,N
-39.0855,-72.15271,302.45,1.33,1.14,2026-08-19,2110,Aqua,MODIS,52,6.1NRT,281.85,12.39,D
-22.31559,-68.87977,304.33,1.24,1.11,2026-08-20,1316,Terra,MODIS,59,6.1NRT,283.36,9.03,D
-35.84429,-72.45801,301.31,1.16,1.07,2026-08-20,1318,Terra,MODIS,46,6.1NRT,277.67,10.06,D
-35.33726,-72.31142,301.57,3.02,1.65,2026-08-20,2012,Aqua,MODIS,41,6.1NRT,285.36,28.3,D
-22.32292,-68.88504,307.78,1.21,1.09,2026-08-20,2014,Aqua,MODIS,47,6.1NRT,296.68,6.67,D
-34.11007,-70.46824,302.42,1.76,1.3,2026-08-21,0122,Terra,MODIS,49,6.1NRT,279.11,21.4,N
-22.31603,-68.87624,300.45,1.06,1.03,2026-08-21,0124,Terra,MODIS,28,6.1NRT,280.44,8.35,N
-22.31735,-68.88645,306.96,1.06,1.03,2026-08-21,0124,Terra,MODIS,70,6.1NRT,281.27,12.41,N
-35.59349,-72.5833,300.12,1.01,1,2026-08-21,2049,Aqua,MODIS,28,6.1NRT,285.44,5.28,D
-34.11154,-70.45726,325.55,1.07,1.03,2026-08-21,2049,Aqua,MODIS,84,6.1NRT,289.69,25.3,D
-37.80435,-72.29723,314.45,1.02,1.01,2026-08-21,2049,Aqua,MODIS,75,6.1NRT,286.09,15.46,D
-37.80278,-72.28595,313.66,1.02,1.01,2026-08-21,2049,Aqua,MODIS,74,6.1NRT,285.51,14.81,D
-35.71311,-72.51149,300.01,1.01,1,2026-08-21,2049,Aqua,MODIS,18,6.1NRT,287.92,4.57,D
-35.97887,-72.38473,306.14,1.03,1.01,2026-08-22,0200,Terra,MODIS,67,6.1NRT,275.21,11.83,N
-22.31887,-68.88633,302.01,1.09,1.04,2026-08-22,1257,Terra,MODIS,42,6.1NRT,288.76,4.85,D
-23.82344,-70.31682,301.75,1.22,1.1,2026-08-22,1257,Terra,MODIS,46,6.1NRT,289.36,4.41,D
-27.86236,-70.16632,302.49,2.54,1.53,2026-08-23,1338,Terra,MODIS,45,6.1NRT,291.77,13.41,D
-27.85588,-70.17075,309.18,2.54,1.53,2026-08-23,1338,Terra,MODIS,68,6.1NRT,291.33,29.75,D
-37.45675,-72.55341,304.14,1.86,1.33,2026-08-23,2027,Aqua,MODIS,58,6.1NRT,286.61,16.84,D
-36.40552,-71.66756,304.24,1.59,1.24,2026-08-23,2027,Aqua,MODIS,58,6.1NRT,279.44,16.57,D
-36.40509,-71.67259,302.87,1.59,1.24,2026-08-23,2027,Aqua,MODIS,54,6.1NRT,279.27,15.75,D
-22.31344,-68.87643,300.14,1.01,1,2026-08-25,0803,Aqua,MODIS,19,6.1NRT,277.75,8.4,N
-22.31603,-68.88084,309.27,1.21,1.09,2026-08-25,1314,Terra,MODIS,68,6.1NRT,286.68,11.22,D
-27.5016,-70.38136,311.93,2.37,1.49,2026-08-25,2006,Aqua,MODIS,71,6.1NRT,300.52,20.53,D
-19.5863,-69.20187,308.33,1.51,1.21,2026-08-25,2008,Aqua,MODIS,37,6.1NRT,295.91,9.89,D
-34.10458,-70.45048,302.94,1.25,1.11,2026-08-27,0741,Aqua,MODIS,52,6.1NRT,273.41,14.81,N
-22.314,-68.88064,304.5,1.11,1.05,2026-08-27,1255,Terra,MODIS,50,6.1NRT,286.33,5.61,D
-27.85333,-70.18513,306.66,2.45,1.51,2026-08-28,1338,Terra,MODIS,64,6.1NRT,290.53,22.76,D
-27.85549,-70.16042,311.5,2.46,1.51,2026-08-28,1338,Terra,MODIS,71,6.1NRT,290.15,36.66,D
-27.86382,-70.16692,307.19,2.46,1.51,2026-08-28,1338,Terra,MODIS,31,6.1NRT,291.28,21.89,D
-32.80189,-70.95442,300.86,1.66,1.27,2026-08-28,2021,Aqua,MODIS,42,6.1NRT,288.73,10.06,D
-32.80301,-70.95937,300.63,1.66,1.27,2026-08-28,2021,Aqua,MODIS,40,6.1NRT,289,9.27,D
-22.3168,-68.88242,316.13,1.02,1.01,2026-08-28,2023,Aqua,MODIS,70,6.1NRT,299.01,10.42,D
-18.97757,-69.27196,313.25,1,1,2026-08-28,2025,Aqua,MODIS,63,6.1NRT,298.18,8.81,D
-22.3153,-68.88377,305.75,1.23,1.1,2026-08-29,0141,Terra,MODIS,65,6.1NRT,281.28,14.43,N
-34.10777,-70.45449,311.76,1.31,1.14,2026-08-29,2059,Aqua,MODIS,72,6.1NRT,283.78,18.17,D
-34.11017,-70.46783,305.68,1.31,1.14,2026-08-29,2059,Aqua,MODIS,62,6.1NRT,284.88,11.94,D
-22.31904,-68.88672,310.75,1.18,1.08,2026-08-30,1314,Terra,MODIS,70,6.1NRT,289.22,12.31,D
-22.32046,-68.87552,311.4,1.18,1.08,2026-08-30,1314,Terra,MODIS,71,6.1NRT,287.07,12.72,D
-22.38596,-69.59058,325.5,2.4,1.49,2026-08-30,2002,Aqua,MODIS,83,6.1NRT,305.82,53.54,D
-22.31902,-68.88292,313.52,1.1,1.05,2026-08-31,0122,Terra,MODIS,87,6.1NRT,280.63,18.57,N
-34.26331,-71.4969,300.54,1.15,1.07,2026-08-31,2036,Aqua,MODIS,38,6.1NRT,290.03,4.31,D
-33.29944,-70.73221,303.72,1.06,1.03,2026-08-31,2036,Aqua,MODIS,57,6.1NRT,291.5,5.12,D
-22.31876,-68.88316,307.89,1.23,1.1,2026-08-31,2038,Aqua,MODIS,48,6.1NRT,295.35,6.76,D
-34.10384,-70.46203,301.93,1.21,1.1,2026-09-01,0156,Terra,MODIS,45,6.1NRT,275.82,12.38,N
-32.80461,-70.95248,320.53,1.2,1.09,2026-09-01,0158,Terra,MODIS,100,6.1NRT,282.94,28.56,N
-23.44332,-70.0028,309.92,2.13,1.42,2026-09-02,1333,Terra,MODIS,53,6.1NRT,296.47,15.16,D
-27.85889,-70.16939,305.32,2.37,1.49,2026-09-02,1333,Terra,MODIS,38,6.1NRT,294.52,12.79,D
-35.56517,-71.80758,302.44,1,1,2026-09-03,2051,Aqua,MODIS,52,6.1NRT,288.23,6.21,D
-35.0296,-71.75536,300.83,1.01,1,2026-09-03,2051,Aqua,MODIS,42,6.1NRT,289.81,4.63,D
-34.10143,-70.45234,313.84,1.05,1.02,2026-09-04,0752,Aqua,MODIS,88,6.1NRT,275.08,18.92,N
-38.21589,-72.06447,304.99,1.72,1.29,2026-09-05,2029,Aqua,MODIS,60,6.1NRT,283.02,20.81,D
-38.2188,-72.06895,301.59,1.72,1.29,2026-09-05,2029,Aqua,MODIS,48,6.1NRT,283.19,15.51,D
-23.81639,-70.2924,313.08,1.01,1,2026-09-05,2032,Aqua,MODIS,55,6.1NRT,300.78,5.73,D
-23.815,-70.28271,311.13,1.01,1,2026-09-05,2032,Aqua,MODIS,41,6.1NRT,299.59,4.44,D
-22.32126,-68.87888,308.11,1.04,1.02,2026-09-05,2034,Aqua,MODIS,38,6.1NRT,297.43,4.61,D
-32.80294,-70.94814,304.08,1.18,1.08,2026-09-06,0156,Terra,MODIS,58,6.1NRT,283.75,11.68,N
-32.80489,-70.96029,303.99,1.17,1.08,2026-09-06,0156,Terra,MODIS,58,6.1NRT,283.68,11.61,N
-34.10565,-70.45199,305.18,1.03,1.01,2026-09-06,1257,Terra,MODIS,61,6.1NRT,281.05,9.28,D
-38.91088,-72.36654,309.44,1.12,1.06,2026-09-06,2106,Aqua,MODIS,69,6.1NRT,287.63,13.14,D
-36.8917,-72.78215,308.79,1.15,1.07,2026-09-06,2106,Aqua,MODIS,68,6.1NRT,288.66,12.36,D
-36.89487,-72.77576,319.99,1.15,1.07,2026-09-06,2106,Aqua,MODIS,80,6.1NRT,289.08,22.55,D
-36.88955,-72.76953,304.39,1.15,1.07,2026-09-06,2106,Aqua,MODIS,59,6.1NRT,288.46,8.98,D
-26.37977,-69.9995,318.82,2.25,1.45,2026-09-07,1331,Terra,MODIS,74,6.1NRT,297.01,39,D
-26.3146,-69.73782,309.12,2.35,1.48,2026-09-07,1331,Terra,MODIS,68,6.1NRT,296.58,17.21,D
-27.86558,-70.17492,309.46,2.29,1.46,2026-09-07,1333,Terra,MODIS,69,6.1NRT,295.59,21.22,D
-34.11516,-70.45715,301.43,2.8,1.6,2026-09-07,2006,Aqua,MODIS,38,6.1NRT,289.63,26.31,D
-38.6946,-72.22683,301.5,4.05,1.87,2026-09-07,2006,Aqua,MODIS,47,6.1NRT,288.7,40.26,D
-27.87136,-70.18333,312.53,2.23,1.45,2026-09-07,2008,Aqua,MODIS,71,6.1NRT,301.22,20.04,D
-32.80661,-70.95023,312.7,1.09,1.04,2026-09-08,0137,Terra,MODIS,85,6.1NRT,281.77,17.04,N
-36.6944,-72.80917,308.39,1.14,1.06,2026-09-08,2044,Aqua,MODIS,67,6.1NRT,286.4,11.99,D
-37.88261,-72.04342,320.17,1.1,1.04,2026-09-08,2044,Aqua,MODIS,80,6.1NRT,286.97,21.87,D
-37.87341,-72.04538,316.78,1.1,1.04,2026-09-08,2044,Aqua,MODIS,77,6.1NRT,286.36,18.41,D
-37.87499,-72.05769,306.95,1.1,1.04,2026-09-08,2044,Aqua,MODIS,54,6.1NRT,286.95,9.92,D
-36.69284,-72.79682,302.79,1.13,1.06,2026-09-08,2044,Aqua,MODIS,54,6.1NRT,285.96,7.69,D
-36.68503,-72.81112,302.28,1.14,1.06,2026-09-08,2044,Aqua,MODIS,27,6.1NRT,286.28,6.95,D
-38.2434,-73.04317,302.98,1.21,1.09,2026-09-08,2044,Aqua,MODIS,54,6.1NRT,279.65,10.94,D
-38.24497,-73.05654,344.95,1.21,1.09,2026-09-08,2044,Aqua,MODIS,94,6.1NRT,283.01,73.68,D
-22.32429,-68.88176,314.19,1.65,1.26,2026-09-08,2049,Aqua,MODIS,71,6.1NRT,297.46,17.2,D
-22.32438,-68.88737,311.79,1.65,1.26,2026-09-08,2049,Aqua,MODIS,66,6.1NRT,297.57,14.24,D
-22.31804,-68.87785,306.6,1.13,1.06,2026-09-09,1312,Terra,MODIS,50,6.1NRT,289.71,6.19,D
-37.94272,-72.05773,303,1.17,1.08,2026-09-09,1316,Terra,MODIS,54,6.1NRT,280.26,10.72,D
-37.94551,-72.31613,301.64,1.14,1.07,2026-09-09,1316,Terra,MODIS,48,6.1NRT,280.15,8.89,D
-22.32031,-68.8805,306.9,1.01,1,2026-09-10,2027,Aqua,MODIS,52,6.1NRT,293.88,5.29,D
-22.32136,-68.88396,305.86,1.19,1.09,2026-09-11,1251,Terra,MODIS,62,6.1NRT,289.58,7.17,D
-26.37905,-70.04019,313.72,2.15,1.43,2026-09-12,1331,Terra,MODIS,46,6.1NRT,294.46,21.63,D
-26.38317,-69.99825,317.66,2.17,1.43,2026-09-12,1331,Terra,MODIS,73,6.1NRT,294.79,32.62,D
-26.38328,-70.00498,327.54,2.17,1.43,2026-09-12,1331,Terra,MODIS,85,6.1NRT,294.76,66.96,D
-26.39599,-70.00631,312.61,2.17,1.43,2026-09-12,1331,Terra,MODIS,73,6.1NRT,294.86,23.17,D
-29.13746,-70.90761,308.29,2.03,1.39,2026-09-12,1331,Terra,MODIS,62,6.1NRT,290.13,18.79,D
-27.87421,-70.18687,316.05,3.03,1.66,2026-09-12,2004,Aqua,MODIS,76,6.1NRT,302.52,45.6,D
-32.80659,-70.95708,309.01,1.11,1.05,2026-09-13,0134,Terra,MODIS,76,6.1NRT,283.65,14.05,N
-23.82311,-70.31627,300.91,1.01,1,2026-09-13,0137,Terra,MODIS,35,6.1NRT,286.19,6.99,N
-22.32005,-68.88445,302.6,1.14,1.06,2026-09-13,0137,Terra,MODIS,50,6.1NRT,280.81,10.57,N
-23.99581,-68.56994,301.95,2.27,1.46,2026-09-13,1232,Terra,MODIS,42,6.1NRT,285.78,12.55,D
-38.46724,-72.8385,301,1.47,1.2,2026-09-13,2038,Aqua,MODIS,44,6.1NRT,283.22,9.83,D
-39.01503,-72.84732,305.81,1.49,1.21,2026-09-13,2038,Aqua,MODIS,62,6.1NRT,286.87,15.18,D
-38.47789,-72.83696,300.91,1.47,1.2,2026-09-13,2038,Aqua,MODIS,43,6.1NRT,282.77,9.52,D
-22.32255,-68.89178,311.91,1.26,1.11,2026-09-13,2042,Aqua,MODIS,66,6.1NRT,296.09,10.77,D
-22.32055,-68.88004,321.41,1.26,1.11,2026-09-13,2042,Aqua,MODIS,78,6.1NRT,296.09,22.59,D
-19.20534,-69.15958,408.48,1.36,1.15,2026-09-13,2044,Aqua,MODIS,100,6.1NRT,310.74,477.21,D
-19.20729,-69.17137,335.12,1.36,1.15,2026-09-13,2044,Aqua,MODIS,86,6.1NRT,297.6,49.69,D
-19.19341,-69.15002,316.52,1.36,1.16,2026-09-13,2044,Aqua,MODIS,69,6.1NRT,290.4,20.01,D
-19.19535,-69.16173,384.3,1.36,1.15,2026-09-13,2044,Aqua,MODIS,100,6.1NRT,299.98,266.92,D
-19.19721,-69.1729,322.01,1.36,1.15,2026-09-13,2044,Aqua,MODIS,77,6.1NRT,294.6,26.41,D
-19.20656,-69.16496,402.49,1.36,1.15,2026-09-13,2044,Aqua,MODIS,100,6.1NRT,308.89,414.31,D
-19.20457,-69.1533,413.53,1.36,1.15,2026-09-13,2044,Aqua,MODIS,100,6.1NRT,304.3,534.25,D
-19.20343,-69.14804,354.87,1.36,1.16,2026-09-13,2044,Aqua,MODIS,98,6.1NRT,289.35,111.03,D
-22.32149,-68.87683,306.61,1.1,1.05,2026-09-14,1310,Terra,MODIS,46,6.1NRT,291.21,5.9,D
-32.58553,-70.72195,302.87,1.15,1.07,2026-09-14,1314,Terra,MODIS,49,6.1NRT,288.49,6.52,D
-32.8044,-70.94617,303.2,1.13,1.06,2026-09-14,1314,Terra,MODIS,55,6.1NRT,287.49,7.43,D
-33.29842,-70.72456,301.21,1.17,1.08,2026-09-14,1314,Terra,MODIS,45,6.1NRT,288.92,5,D
-34.65188,-71.21866,300.99,1.15,1.07,2026-09-14,1314,Terra,MODIS,43,6.1NRT,287.79,6.06,D
-32.80297,-70.95795,301.23,1.13,1.06,2026-09-14,1314,Terra,MODIS,45,6.1NRT,287.62,6.08,D
-34.11537,-70.45454,304.25,2.32,1.47,2026-09-14,2116,Aqua,MODIS,23,6.1NRT,293.87,14.91,D
-38.06025,-71.22305,318.76,1.66,1.27,2026-09-14,2116,Aqua,MODIS,68,6.1NRT,287.32,38.61,D
-38.05659,-71.20512,306.01,1.67,1.27,2026-09-14,2116,Aqua,MODIS,43,6.1NRT,284.38,18.58,D
-36.21266,-72.28968,303.6,1.58,1.24,2026-09-14,2116,Aqua,MODIS,31,6.1NRT,291.77,9.08,D
-36.21599,-72.3065,305.59,1.58,1.24,2026-09-14,2116,Aqua,MODIS,49,6.1NRT,291.38,11.44,D
-36.20539,-72.31056,355.93,1.58,1.24,2026-09-14,2116,Aqua,MODIS,98,6.1NRT,293.09,147.85,D
-36.20882,-72.32783,319.67,1.58,1.24,2026-09-14,2116,Aqua,MODIS,80,6.1NRT,291.85,33.32,D
-34.3049,-71.36116,311.22,2.37,1.49,2026-09-15,2017,Aqua,MODIS,71,6.1NRT,299.37,23.42,D
-34.10243,-70.46254,303.02,1.14,1.06,2026-09-16,0154,Terra,MODIS,53,6.1NRT,280.9,10.33,N
-38.05594,-72.31143,323.41,1.1,1.04,2026-09-16,1253,Terra,MODIS,82,6.1NRT,283.07,27.48,D
-34.10946,-70.45872,321.47,1.05,1.02,2026-09-16,1253,Terra,MODIS,81,6.1NRT,289.85,20.86,D
-34.11121,-70.44743,300,1.05,1.02,2026-09-16,1253,Terra,MODIS,6,6.1NRT,288.05,4.11,D
-35.26495,-71.40833,321.54,1.1,1.04,2026-09-16,1253,Terra,MODIS,81,6.1NRT,288.04,23.27,D
-35.27024,-71.41621,300.31,1.1,1.04,2026-09-16,1253,Terra,MODIS,34,6.1NRT,287,5.58,D
-34.79619,-71.67954,312.61,1.02,1.01,2026-09-16,2053,Aqua,MODIS,73,6.1NRT,297.33,9.45,D
-35.46659,-71.52404,321.21,1.02,1.01,2026-09-16,2053,Aqua,MODIS,81,6.1NRT,297.46,17.35,D
-35.26434,-71.4142,321.97,1.02,1.01,2026-09-16,2053,Aqua,MODIS,81,6.1NRT,296.68,18.83,D
-35.26605,-71.42513,317.42,1.02,1.01,2026-09-16,2053,Aqua,MODIS,78,6.1NRT,295.87,14.26,D
-38.05197,-72.31165,307.53,1.01,1,2026-09-16,2053,Aqua,MODIS,66,6.1NRT,291.17,8.86,D
-37.64025,-72.52873,304.16,1.01,1,2026-09-16,2053,Aqua,MODIS,58,6.1NRT,291.27,5.75,D
-37.64184,-72.53992,302.04,1.01,1,2026-09-16,2053,Aqua,MODIS,50,6.1NRT,291.7,4.33,D
-37.44004,-72.48282,305.94,1.01,1,2026-09-16,2053,Aqua,MODIS,62,6.1NRT,292.43,6.39,D
-37.43092,-72.61138,323.28,1.01,1,2026-09-16,2053,Aqua,MODIS,82,6.1NRT,292.82,20.92,D
-37.40825,-72.98137,313.15,1.02,1.01,2026-09-16,2053,Aqua,MODIS,73,6.1NRT,290.53,12.88,D
-36.41807,-71.81462,303.53,1,1,2026-09-16,2053,Aqua,MODIS,56,6.1NRT,293.28,4.52,D
-36.2121,-72.29744,316.57,1,1,2026-09-16,2053,Aqua,MODIS,77,6.1NRT,293.26,13.96,D
-36.2137,-72.3083,310.61,1,1,2026-09-16,2053,Aqua,MODIS,70,6.1NRT,292.64,9.1,D
-36.2033,-72.29943,353.28,1,1,2026-09-16,2053,Aqua,MODIS,97,6.1NRT,293.3,67.84,D
-36.2049,-72.31029,386.26,1,1,2026-09-16,2053,Aqua,MODIS,100,6.1NRT,300.77,179.04,D
-34.32307,-71.43643,311.48,1.04,1.02,2026-09-16,2055,Aqua,MODIS,71,6.1NRT,296.07,9.03,D
-34.66708,-71.92279,303.25,1.01,1.01,2026-09-16,2055,Aqua,MODIS,55,6.1NRT,291.6,5.38,D
-22.80079,-69.47166,316.97,2.03,1.39,2026-09-16,2057,Aqua,MODIS,67,6.1NRT,305.93,16.04,D
-34.10331,-70.44989,327.97,1.04,1.02,2026-09-17,0754,Aqua,MODIS,100,6.1NRT,282.17,31.87,N
-34.10155,-70.46075,314.61,1.04,1.02,2026-09-17,0754,Aqua,MODIS,90,6.1NRT,280.78,17.76,N
-34.11092,-70.45741,301.17,1.11,1.05,2026-09-18,0134,Terra,MODIS,38,6.1NRT,283.83,8.38,N
-34.11215,-70.45654,305.19,1.88,1.34,2026-09-18,1234,Terra,MODIS,57,6.1NRT,289.92,16.47,D
-23.82752,-70.31759,311.18,1.01,1.01,2026-09-19,1308,Terra,MODIS,57,6.1NRT,298.05,4.36,D
-22.31914,-68.88058,309.97,1.26,1.11,2026-09-21,1249,Terra,MODIS,60,6.1NRT,291.48,9.23,D
-33.29996,-70.7243,300.95,1.11,1.05,2026-09-21,1251,Terra,MODIS,40,6.1NRT,288.19,4.47,D
-24.00456,-68.56706,316.45,1.65,1.26,2026-09-21,2051,Aqua,MODIS,69,6.1NRT,300.35,17.1,D
-24.12434,-68.77527,310.07,1.59,1.24,2026-09-21,2051,Aqua,MODIS,48,6.1NRT,296.21,10.42,D
-24.00729,-68.58221,314.82,1.65,1.26,2026-09-21,2051,Aqua,MODIS,66,6.1NRT,299.78,14.54,D
-22.32154,-68.88021,315.64,1.69,1.28,2026-09-21,2051,Aqua,MODIS,68,6.1NRT,298.72,20.14,D
-22.32277,-68.88533,319.86,1.69,1.28,2026-09-21,2051,Aqua,MODIS,74,6.1NRT,299.29,27.46,D
-22.47941,-68.86154,315.09,2.18,1.43,2026-09-22,1327,Terra,MODIS,70,6.1NRT,298.72,25.49,D
-32.47414,-71.24622,305.72,1.98,1.37,2026-09-22,1329,Terra,MODIS,53,6.1NRT,289,16.11,D
-34.18761,-71.32533,302.15,2.05,1.39,2026-09-22,1329,Terra,MODIS,51,6.1NRT,284.74,16.73,D
-34.4255,-71.09361,301.2,2.14,1.42,2026-09-22,1331,Terra,MODIS,45,6.1NRT,286.7,14.24,D
-35.36587,-72.39375,301.15,1.81,1.32,2026-09-22,1331,Terra,MODIS,39,6.1NRT,284.36,13.86,D
-22.31631,-68.88311,314.69,1.01,1,2026-09-23,2029,Aqua,MODIS,58,6.1NRT,301.44,7.06,D
-18.4516,-69.24001,310.04,1,1,2026-09-24,1306,Terra,MODIS,57,6.1NRT,292.06,6.66,D
-18.45289,-69.2308,310.1,1,1,2026-09-24,1306,Terra,MODIS,57,6.1NRT,291.99,6.77,D
-26.66329,-69.97598,314.59,2.13,1.42,2026-09-24,2104,Aqua,MODIS,63,6.1NRT,302.84,14.07,D
-22.31393,-68.8839,300.4,1.24,1.11,2026-09-25,0115,Terra,MODIS,27,6.1NRT,284.9,9.03,N
-22.31745,-68.88223,304.39,1.02,1.01,2026-09-25,0758,Aqua,MODIS,60,6.1NRT,279.95,10.61,N
-29.11798,-70.92451,316.05,3.45,1.75,2026-09-25,2004,Aqua,MODIS,60,6.1NRT,305.1,37.89,D
-29.13502,-70.8928,319.29,3.43,1.74,2026-09-25,2004,Aqua,MODIS,75,6.1NRT,304.12,52.94,D
-22.31593,-68.87695,309.75,1.29,1.13,2026-09-26,1246,Terra,MODIS,50,6.1NRT,291.94,7.54,D
-25.11157,-70.30531,312.05,1.42,1.18,2026-09-26,1249,Terra,MODIS,58,6.1NRT,299.67,7.87,D
-25.12437,-70.29296,310.88,1.42,1.18,2026-09-26,1249,Terra,MODIS,57,6.1NRT,298.33,6.61,D
-24.12857,-68.77541,322.01,1.22,1.1,2026-09-26,2044,Aqua,MODIS,57,6.1NRT,303.37,15.53,D
-23.3219,-68.74459,312.9,1.26,1.12,2026-09-26,2044,Aqua,MODIS,51,6.1NRT,300.82,6.31,D
-29.10188,-70.89596,311.83,1.83,1.32,2026-09-27,1329,Terra,MODIS,67,6.1NRT,297.88,11.96,D
-34.07408,-70.73817,301.32,2.16,1.43,2026-09-27,1329,Terra,MODIS,0,6.1NRT,287.25,8.12,D
-34.45038,-70.87206,303.1,2.14,1.42,2026-09-27,1329,Terra,MODIS,41,6.1NRT,288.61,12.94,D
-34.45214,-70.85122,302.22,2.15,1.42,2026-09-27,1329,Terra,MODIS,42,6.1NRT,286.82,12.36,D
-34.45266,-70.85614,300.24,2.15,1.42,2026-09-27,1329,Terra,MODIS,28,6.1NRT,287.36,10.65,D
