CodigoNacional,nombreEstacion,latitud,longitud,date,tmax
180005.0,"Chacalluta, Arica Ap.",-18.35555,-70.34028,2022-01-02,24.0
180005.0,"Chacalluta, Arica Ap.",-18.35555,-70.34028,2022-01-03,24.3
180005.0,"Chacalluta, Arica Ap.",-18.35555,-70.34028,2022-01-04,24.0
180005.0,"Chacalluta, Arica Ap.",-18.35555,-70.34028,2022-01-05,24.7
180005.0,"Chacalluta, Arica Ap.",-18.35555,-70.34028,2022-01-06,24.3
180005.0,"Chacalluta, Arica Ap.",-18.35555,-70.34028,2022-01-07,24.6
180005.0,"Chacalluta, Arica Ap.",-18.35555,-70.34028,2022-01-08,23.9
180005.0,"Chacalluta, Arica Ap.",-18.35555,-70.34028,2022-01-09,24.4
180005.0,"Chacalluta, Arica Ap.",-18.35555,-70.34028,2022-01-10,25.6
180005.0,"Chacalluta, Arica Ap.",-18.35555,-70.34028,2022-01-11,25.7
180005.0,"Chacalluta, Arica Ap.",-18.35555,-70.34028,2022-01-12,25.1
180005.0,"Chacalluta, Arica Ap.",-18.35555,-70.34028,2022-01-13,24.8
180005.0,"Chacalluta, Arica Ap.",-18.35555,-70.34028,2022-01-14,25.1
180005.0,"Chacalluta, Arica Ap.",-18.35555,-70.34028,2022-01-15,25.2
180005.0,"Chacalluta, Arica Ap.",-18.35555,-70.34028,2022-01-16,25.5
180005.0,"Chacalluta, Arica Ap.",-18.35555,-70.34028,2022-01-17,25.4
180005.0,"Chacalluta, Arica Ap.",-18.35555,-70.34028,2022-01-18,25.0
180017.0,Putre,-18.2,-69.5625,2022-01-02,
180017.0,Putre,-18.2,-69.5625,2022-01-03,
180017.0,Putre,-18.2,-69.5625,2022-01-04,
180017.0,Putre,-18.2,-69.5625,2022-01-05,
180017.0,Putre,-18.2,-69.5625,2022-01-06,
180017.0,Putre,-18.2,-69.5625,2022-01-07,
180017.0,Putre,-18.2,-69.5625,2022-01-08,
180017.0,Putre,-18.2,-69.5625,2022-01-09,
180017.0,Putre,-18.2,-69.5625,2022-01-10,
180017.0,Putre,-18.2,-69.5625,2022-01-11,
180017.0,Putre,-18.2,-69.5625,2022-01-12,
180017.0,Putre,-18.2,-69.5625,2022-01-13,
180017.0,Putre,-18.2,-69.5625,2022-01-14,
180017.0,Putre,-18.2,-69.5625,2022-01-15,
180017.0,Putre,-18.2,-69.5625,2022-01-16,
180017.0,Putre,-18.2,-69.5625,2022-01-17,
180017.0,Putre,-18.2,-69.5625,2022-01-18,
200006.0,Diego Aracena Iquique Ap.,-20.54917,-70.18111,2022-01-02,24.4
200006.0,Diego Aracena Iquique Ap.,-20.54917,-70.18111,2022-01-03,23.9
200006.0,Diego Aracena Iquique Ap.,-20.54917,-70.18111,2022-01-04,25.2
200006.0,Diego Aracena Iquique Ap.,-20.54917,-70.18111,2022-01-05,24.4
200006.0,Diego Aracena Iquique Ap.,-20.54917,-70.18111,2022-01-06,25.1
200006.0,Diego Aracena Iquique Ap.,-20.54917,-70.18111,2022-01-07,24.9
200006.0,Diego Aracena Iquique Ap.,-20.54917,-70.18111,2022-01-08,24.1
200006.0,Diego Aracena Iquique Ap.,-20.54917,-70.18111,2022-01-09,24.6
200006.0,Diego Aracena Iquique Ap.,-20.54917,-70.18111,2022-01-10,25.9
200006.0,Diego Aracena Iquique Ap.,-20.54917,-70.18111,2022-01-11,26.3
200006.0,Diego Aracena Iquique Ap.,-20.54917,-70.18111,2022-01-12,25.5
200006.0,Diego Aracena Iquique Ap.,-20.54917,-70.18111,2022-01-13,25.2
200006.0,Diego Aracena Iquique Ap.,-20.54917,-70.18111,2022-01-14,24.3
200006.0,Diego Aracena Iquique Ap.,-20.54917,-70.18111,2022-01-15,24.4
200006.0,Diego Aracena Iquique Ap.,-20.54917,-70.18111,2022-01-16,26.1
200006.0,Diego Aracena Iquique Ap.,-20.54917,-70.18111,2022-01-17,26.1
200006.0,Diego Aracena Iquique Ap.,-20.54917,-70.18111,2022-01-18,24.3
220002.0,"El Loa, Calama Ad.",-22.49806,-68.8925,2022-01-02,26.7
220002.0,"El Loa, Calama Ad.",-22.49806,-68.8925,2022-01-03,26.3
220002.0,"El Loa, Calama Ad.",-22.49806,-68.8925,2022-01-04,26.3
220002.0,"El Loa, Calama Ad.",-22.49806,-68.8925,2022-01-05,25.7
220002.0,"El Loa, Calama Ad.",-22.49806,-68.8925,2022-01-06,24.8
220002.0,"El Loa, Calama Ad.",-22.49806,-68.8925,2022-01-07,25.9
220002.0,"El Loa, Calama Ad.",-22.49806,-68.8925,2022-01-08,26.4
220002.0,"El Loa, Calama Ad.",-22.49806,-68.8925,2022-01-09,25.6
220002.0,"El Loa, Calama Ad.",-22.49806,-68.8925,2022-01-10,22.8
220002.0,"El Loa, Calama Ad.",-22.49806,-68.8925,2022-01-11,23.6
220002.0,"El Loa, Calama Ad.",-22.49806,-68.8925,2022-01-12,24.4
220002.0,"El Loa, Calama Ad.",-22.49806,-68.8925,2022-01-13,24.9
220002.0,"El Loa, Calama Ad.",-22.49806,-68.8925,2022-01-14,25.5
220002.0,"El Loa, Calama Ad.",-22.49806,-68.8925,2022-01-15,23.7
220002.0,"El Loa, Calama Ad.",-22.49806,-68.8925,2022-01-16,23.3
220002.0,"El Loa, Calama Ad.",-22.49806,-68.8925,2022-01-17,22.3
220002.0,"El Loa, Calama Ad.",-22.49806,-68.8925,2022-01-18,23.8
270001.0,Mataveri  Isla de Pascua Ap.,-27.15889,-109.4325,2022-01-01,25.3
270001.0,Mataveri  Isla de Pascua Ap.,-27.15889,-109.4325,2022-01-02,25.9
270001.0,Mataveri  Isla de Pascua Ap.,-27.15889,-109.4325,2022-01-03,25.0
270001.0,Mataveri  Isla de Pascua Ap.,-27.15889,-109.4325,2022-01-04,27.2
270001.0,Mataveri  Isla de Pascua Ap.,-27.15889,-109.4325,2022-01-05,26.5
270001.0,Mataveri  Isla de Pascua Ap.,-27.15889,-109.4325,2022-01-06,26.3
270001.0,Mataveri  Isla de Pascua Ap.,-27.15889,-109.4325,2022-01-07,27.3
270001.0,Mataveri  Isla de Pascua Ap.,-27.15889,-109.4325,2022-01-08,26.7
270001.0,Mataveri  Isla de Pascua Ap.,-27.15889,-109.4325,2022-01-09,26.5
270001.0,Mataveri  Isla de Pascua Ap.,-27.15889,-109.4325,2022-01-10,26.8
270001.0,Mataveri  Isla de Pascua Ap.,-27.15889,-109.4325,2022-01-11,25.8
270001.0,Mataveri  Isla de Pascua Ap.,-27.15889,-109.4325,2022-01-12,25.4
270001.0,Mataveri  Isla de Pascua Ap.,-27.15889,-109.4325,2022-01-13,25.9
270001.0,Mataveri  Isla de Pascua Ap.,-27.15889,-109.4325,2022-01-14,25.8
270001.0,Mataveri  Isla de Pascua Ap.,-27.15889,-109.4325,2022-01-15,25.2
270001.0,Mataveri  Isla de Pascua Ap.,-27.15889,-109.4325,2022-01-16,24.7
270001.0,Mataveri  Isla de Pascua Ap.,-27.15889,-109.4325,2022-01-17,26.5
270001.0,Mataveri  Isla de Pascua Ap.,-27.15889,-109.4325,2022-01-18,26.4
270008.0,"Desierto de Atacama, Caldera  Ad.",-27.25444,-70.78111,2022-01-02,
270008.0,"Desierto de Atacama, Caldera  Ad.",-27.25444,-70.78111,2022-01-03,
270008.0,"Desierto de Atacama, Caldera  Ad.",-27.25444,-70.78111,2022-01-06,
270008.0,"Desierto de Atacama, Caldera  Ad.",-27.25444,-70.78111,2022-01-15,
270009.0,Copiapó Universidad de Atacama,-27.35889,-70.35333,2022-01-02,29.0
270009.0,Copiapó Universidad de Atacama,-27.35889,-70.35333,2022-01-03,28.1
270009.0,Copiapó Universidad de Atacama,-27.35889,-70.35333,2022-01-04,28.6
270009.0,Copiapó Universidad de Atacama,-27.35889,-70.35333,2022-01-05,28.3
270009.0,Copiapó Universidad de Atacama,-27.35889,-70.35333,2022-01-06,27.2
270009.0,Copiapó Universidad de Atacama,-27.35889,-70.35333,2022-01-07,28.1
270009.0,Copiapó Universidad de Atacama,-27.35889,-70.35333,2022-01-08,29.2
270009.0,Copiapó Universidad de Atacama,-27.35889,-70.35333,2022-01-09,28.1
270009.0,Copiapó Universidad de Atacama,-27.35889,-70.35333,2022-01-10,27.2
270009.0,Copiapó Universidad de Atacama,-27.35889,-70.35333,2022-01-11,29.5
270009.0,Copiapó Universidad de Atacama,-27.35889,-70.35333,2022-01-12,29.2
270009.0,Copiapó Universidad de Atacama,-27.35889,-70.35333,2022-01-13,27.6
270009.0,Copiapó Universidad de Atacama,-27.35889,-70.35333,2022-01-14,26.4
270009.0,Copiapó Universidad de Atacama,-27.35889,-70.35333,2022-01-15,24.6
270009.0,Copiapó Universidad de Atacama,-27.35889,-70.35333,2022-01-16,26.0
270009.0,Copiapó Universidad de Atacama,-27.35889,-70.35333,2022-01-17,26.8
270009.0,Copiapó Universidad de Atacama,-27.35889,-70.35333,2022-01-18,29.6
290004.0,"La Florida, La Serena Ad.",-29.91444,-71.20667,2022-01-02,21.0
290004.0,"La Florida, La Serena Ad.",-29.91444,-71.20667,2022-01-03,20.3
290004.0,"La Florida, La Serena Ad.",-29.91444,-71.20667,2022-01-04,20.1
290004.0,"La Florida, La Serena Ad.",-29.91444,-71.20667,2022-01-05,21.1
290004.0,"La Florida, La Serena Ad.",-29.91444,-71.20667,2022-01-06,18.6
290004.0,"La Florida, La Serena Ad.",-29.91444,-71.20667,2022-01-07,20.4
290004.0,"La Florida, La Serena Ad.",-29.91444,-71.20667,2022-01-08,19.7
290004.0,"La Florida, La Serena Ad.",-29.91444,-71.20667,2022-01-09,20.9
290004.0,"La Florida, La Serena Ad.",-29.91444,-71.20667,2022-01-10,21.9
290004.0,"La Florida, La Serena Ad.",-29.91444,-71.20667,2022-01-11,22.3
290004.0,"La Florida, La Serena Ad.",-29.91444,-71.20667,2022-01-12,22.4
290004.0,"La Florida, La Serena Ad.",-29.91444,-71.20667,2022-01-13,22.0
290004.0,"La Florida, La Serena Ad.",-29.91444,-71.20667,2022-01-14,22.1
290004.0,"La Florida, La Serena Ad.",-29.91444,-71.20667,2022-01-15,21.7
290004.0,"La Florida, La Serena Ad.",-29.91444,-71.20667,2022-01-16,20.8
290004.0,"La Florida, La Serena Ad.",-29.91444,-71.20667,2022-01-17,21.6
290004.0,"La Florida, La Serena Ad.",-29.91444,-71.20667,2022-01-18,22.3
300046.0,"Vicuña, Parque Los Pimientos",-30.03361,-70.69722,2022-01-02,30.7
300046.0,"Vicuña, Parque Los Pimientos",-30.03361,-70.69722,2022-01-03,31.2
300046.0,"Vicuña, Parque Los Pimientos",-30.03361,-70.69722,2022-01-04,31.0
300046.0,"Vicuña, Parque Los Pimientos",-30.03361,-70.69722,2022-01-05,33.4
300046.0,"Vicuña, Parque Los Pimientos",-30.03361,-70.69722,2022-01-06,29.9
300046.0,"Vicuña, Parque Los Pimientos",-30.03361,-70.69722,2022-01-07,31.7
300046.0,"Vicuña, Parque Los Pimientos",-30.03361,-70.69722,2022-01-08,32.1
300046.0,"Vicuña, Parque Los Pimientos",-30.03361,-70.69722,2022-01-09,29.2
300046.0,"Vicuña, Parque Los Pimientos",-30.03361,-70.69722,2022-01-10,28.2
300046.0,"Vicuña, Parque Los Pimientos",-30.03361,-70.69722,2022-01-11,29.7
300046.0,"Vicuña, Parque Los Pimientos",-30.03361,-70.69722,2022-01-12,31.2
300046.0,"Vicuña, Parque Los Pimientos",-30.03361,-70.69722,2022-01-13,31.6
300046.0,"Vicuña, Parque Los Pimientos",-30.03361,-70.69722,2022-01-14,29.8
300046.0,"Vicuña, Parque Los Pimientos",-30.03361,-70.69722,2022-01-15,29.8
300046.0,"Vicuña, Parque Los Pimientos",-30.03361,-70.69722,2022-01-16,27.5
300046.0,"Vicuña, Parque Los Pimientos",-30.03361,-70.69722,2022-01-17,26.2
300046.0,"Vicuña, Parque Los Pimientos",-30.03361,-70.69722,2022-01-18,29.7
310024.0,Liceo Samuel Román Rojas (Combarbalá),-31.18805,-70.99889,2022-01-02,30.5
310024.0,Liceo Samuel Román Rojas (Combarbalá),-31.18805,-70.99889,2022-01-03,30.9
310024.0,Liceo Samuel Román Rojas (Combarbalá),-31.18805,-70.99889,2022-01-04,31.4
310024.0,Liceo Samuel Román Rojas (Combarbalá),-31.18805,-70.99889,2022-01-05,32.5
310024.0,Liceo Samuel Román Rojas (Combarbalá),-31.18805,-70.99889,2022-01-06,31.5
310024.0,Liceo Samuel Román Rojas (Combarbalá),-31.18805,-70.99889,2022-01-07,31.2
310024.0,Liceo Samuel Román Rojas (Combarbalá),-31.18805,-70.99889,2022-01-08,32.7
310024.0,Liceo Samuel Román Rojas (Combarbalá),-31.18805,-70.99889,2022-01-09,28.2
310024.0,Liceo Samuel Román Rojas (Combarbalá),-31.18805,-70.99889,2022-01-10,28.2
310024.0,Liceo Samuel Román Rojas (Combarbalá),-31.18805,-70.99889,2022-01-11,29.6
310024.0,Liceo Samuel Román Rojas (Combarbalá),-31.18805,-70.99889,2022-01-12,31.5
310024.0,Liceo Samuel Román Rojas (Combarbalá),-31.18805,-70.99889,2022-01-13,30.9
310024.0,Liceo Samuel Román Rojas (Combarbalá),-31.18805,-70.99889,2022-01-14,31.0
310024.0,Liceo Samuel Román Rojas (Combarbalá),-31.18805,-70.99889,2022-01-15,30.5
310024.0,Liceo Samuel Román Rojas (Combarbalá),-31.18805,-70.99889,2022-01-16,28.2
310024.0,Liceo Samuel Román Rojas (Combarbalá),-31.18805,-70.99889,2022-01-17,24.3
310024.0,Liceo Samuel Román Rojas (Combarbalá),-31.18805,-70.99889,2022-01-18,27.4
320019.0,San Felipe Escuela Agrícola,-32.75528,-70.70694,2022-01-02,31.6
320019.0,San Felipe Escuela Agrícola,-32.75528,-70.70694,2022-01-03,32.9
320019.0,San Felipe Escuela Agrícola,-32.75528,-70.70694,2022-01-04,33.6
320019.0,San Felipe Escuela Agrícola,-32.75528,-70.70694,2022-01-05,33.8
320019.0,San Felipe Escuela Agrícola,-32.75528,-70.70694,2022-01-06,33.4
320019.0,San Felipe Escuela Agrícola,-32.75528,-70.70694,2022-01-07,32.6
320019.0,San Felipe Escuela Agrícola,-32.75528,-70.70694,2022-01-08,34.5
320019.0,San Felipe Escuela Agrícola,-32.75528,-70.70694,2022-01-09,31.8
320019.0,San Felipe Escuela Agrícola,-32.75528,-70.70694,2022-01-10,31.2
320019.0,San Felipe Escuela Agrícola,-32.75528,-70.70694,2022-01-11,32.6
320019.0,San Felipe Escuela Agrícola,-32.75528,-70.70694,2022-01-12,33.0
320019.0,San Felipe Escuela Agrícola,-32.75528,-70.70694,2022-01-13,33.6
320019.0,San Felipe Escuela Agrícola,-32.75528,-70.70694,2022-01-14,32.2
320019.0,San Felipe Escuela Agrícola,-32.75528,-70.70694,2022-01-15,33.8
320019.0,San Felipe Escuela Agrícola,-32.75528,-70.70694,2022-01-16,31.1
320019.0,San Felipe Escuela Agrícola,-32.75528,-70.70694,2022-01-17,27.8
320019.0,San Felipe Escuela Agrícola,-32.75528,-70.70694,2022-01-18,26.1
320041.0,Viña del Mar  Ad. (Torquemada),-32.94944,-71.47611,2022-01-02,26.5
320041.0,Viña del Mar  Ad. (Torquemada),-32.94944,-71.47611,2022-01-03,25.7
320041.0,Viña del Mar  Ad. (Torquemada),-32.94944,-71.47611,2022-01-04,27.5
320041.0,Viña del Mar  Ad. (Torquemada),-32.94944,-71.47611,2022-01-05,28.7
320041.0,Viña del Mar  Ad. (Torquemada),-32.94944,-71.47611,2022-01-06,21.4
320041.0,Viña del Mar  Ad. (Torquemada),-32.94944,-71.47611,2022-01-07,20.9
320041.0,Viña del Mar  Ad. (Torquemada),-32.94944,-71.47611,2022-01-08,20.5
320041.0,Viña del Mar  Ad. (Torquemada),-32.94944,-71.47611,2022-01-09,20.0
320041.0,Viña del Mar  Ad. (Torquemada),-32.94944,-71.47611,2022-01-10,22.2
320041.0,Viña del Mar  Ad. (Torquemada),-32.94944,-71.47611,2022-01-11,23.9
320041.0,Viña del Mar  Ad. (Torquemada),-32.94944,-71.47611,2022-01-12,22.8
320041.0,Viña del Mar  Ad. (Torquemada),-32.94944,-71.47611,2022-01-13,21.7
320041.0,Viña del Mar  Ad. (Torquemada),-32.94944,-71.47611,2022-01-14,24.2
320041.0,Viña del Mar  Ad. (Torquemada),-32.94944,-71.47611,2022-01-15,28.8
320041.0,Viña del Mar  Ad. (Torquemada),-32.94944,-71.47611,2022-01-16,23.2
320041.0,Viña del Mar  Ad. (Torquemada),-32.94944,-71.47611,2022-01-17,19.8
320041.0,Viña del Mar  Ad. (Torquemada),-32.94944,-71.47611,2022-01-18,24.4
320051.0,Los Libertadores,-32.84555,-70.11917,2022-01-06,16.8
330007.0,"Rodelillo, Ad.",-33.06528,-71.55639,2022-01-02,26.2
330007.0,"Rodelillo, Ad.",-33.06528,-71.55639,2022-01-03,27.7
330007.0,"Rodelillo, Ad.",-33.06528,-71.55639,2022-01-04,29.7
330007.0,"Rodelillo, Ad.",-33.06528,-71.55639,2022-01-05,28.1
330007.0,"Rodelillo, Ad.",-33.06528,-71.55639,2022-01-06,23.7
330007.0,"Rodelillo, Ad.",-33.06528,-71.55639,2022-01-07,22.9
330007.0,"Rodelillo, Ad.",-33.06528,-71.55639,2022-01-08,20.5
330007.0,"Rodelillo, Ad.",-33.06528,-71.55639,2022-01-09,17.7
330007.0,"Rodelillo, Ad.",-33.06528,-71.55639,2022-01-10,20.1
330007.0,"Rodelillo, Ad.",-33.06528,-71.55639,2022-01-11,24.0
330007.0,"Rodelillo, Ad.",-33.06528,-71.55639,2022-01-12,23.8
330007.0,"Rodelillo, Ad.",-33.06528,-71.55639,2022-01-13,24.1
330007.0,"Rodelillo, Ad.",-33.06528,-71.55639,2022-01-14,24.9
330007.0,"Rodelillo, Ad.",-33.06528,-71.55639,2022-01-15,27.9
330007.0,"Rodelillo, Ad.",-33.06528,-71.55639,2022-01-16,23.3
330007.0,"Rodelillo, Ad.",-33.06528,-71.55639,2022-01-17,18.6
330007.0,"Rodelillo, Ad.",-33.06528,-71.55639,2022-01-18,18.6
330019.0,"Eulogio Sánchez, Tobalaba Ad.",-33.45528,-70.54861,2022-01-02,29.4
330019.0,"Eulogio Sánchez, Tobalaba Ad.",-33.45528,-70.54861,2022-01-03,30.4
330019.0,"Eulogio Sánchez, Tobalaba Ad.",-33.45528,-70.54861,2022-01-04,31.6
330019.0,"Eulogio Sánchez, Tobalaba Ad.",-33.45528,-70.54861,2022-01-05,31.8
330019.0,"Eulogio Sánchez, Tobalaba Ad.",-33.45528,-70.54861,2022-01-06,31.6
330019.0,"Eulogio Sánchez, Tobalaba Ad.",-33.45528,-70.54861,2022-01-07,30.3
330019.0,"Eulogio Sánchez, Tobalaba Ad.",-33.45528,-70.54861,2022-01-08,33.1
330019.0,"Eulogio Sánchez, Tobalaba Ad.",-33.45528,-70.54861,2022-01-09,28.6
330019.0,"Eulogio Sánchez, Tobalaba Ad.",-33.45528,-70.54861,2022-01-10,28.5
330019.0,"Eulogio Sánchez, Tobalaba Ad.",-33.45528,-70.54861,2022-01-11,30.7
330019.0,"Eulogio Sánchez, Tobalaba Ad.",-33.45528,-70.54861,2022-01-12,30.7
330019.0,"Eulogio Sánchez, Tobalaba Ad.",-33.45528,-70.54861,2022-01-13,30.3
330019.0,"Eulogio Sánchez, Tobalaba Ad.",-33.45528,-70.54861,2022-01-14,28.8
330019.0,"Eulogio Sánchez, Tobalaba Ad.",-33.45528,-70.54861,2022-01-15,31.6
330019.0,"Eulogio Sánchez, Tobalaba Ad.",-33.45528,-70.54861,2022-01-16,29.4
330019.0,"Eulogio Sánchez, Tobalaba Ad.",-33.45528,-70.54861,2022-01-17,24.1
330019.0,"Eulogio Sánchez, Tobalaba Ad.",-33.45528,-70.54861,2022-01-18,22.5
330020.0,"Quinta Normal, Santiago",-33.445,-70.68278,2022-01-02,29.9
330020.0,"Quinta Normal, Santiago",-33.445,-70.68278,2022-01-03,31.0
330020.0,"Quinta Normal, Santiago",-33.445,-70.68278,2022-01-04,32.6
330020.0,"Quinta Normal, Santiago",-33.445,-70.68278,2022-01-05,32.4
330020.0,"Quinta Normal, Santiago",-33.445,-70.68278,2022-01-06,32.3
330020.0,"Quinta Normal, Santiago",-33.445,-70.68278,2022-01-07,30.3
330020.0,"Quinta Normal, Santiago",-33.445,-70.68278,2022-01-08,33.6
330020.0,"Quinta Normal, Santiago",-33.445,-70.68278,2022-01-09,28.4
330020.0,"Quinta Normal, Santiago",-33.445,-70.68278,2022-01-10,28.3
330020.0,"Quinta Normal, Santiago",-33.445,-70.68278,2022-01-11,31.7
330020.0,"Quinta Normal, Santiago",-33.445,-70.68278,2022-01-12,31.5
330020.0,"Quinta Normal, Santiago",-33.445,-70.68278,2022-01-13,30.1
330020.0,"Quinta Normal, Santiago",-33.445,-70.68278,2022-01-14,28.6
330020.0,"Quinta Normal, Santiago",-33.445,-70.68278,2022-01-15,32.1
330020.0,"Quinta Normal, Santiago",-33.445,-70.68278,2022-01-16,29.2
330020.0,"Quinta Normal, Santiago",-33.445,-70.68278,2022-01-17,23.3
330020.0,"Quinta Normal, Santiago",-33.445,-70.68278,2022-01-18,25.0
330021.0,Pudahuel Santiago ,-33.37833,-70.78778,2022-01-02,29.7
330021.0,Pudahuel Santiago ,-33.37833,-70.78778,2022-01-03,30.3
330021.0,Pudahuel Santiago ,-33.37833,-70.78778,2022-01-04,32.1
330021.0,Pudahuel Santiago ,-33.37833,-70.78778,2022-01-05,31.7
330021.0,Pudahuel Santiago ,-33.37833,-70.78778,2022-01-06,31.7
330021.0,Pudahuel Santiago ,-33.37833,-70.78778,2022-01-07,29.8
330021.0,Pudahuel Santiago ,-33.37833,-70.78778,2022-01-08,33.1
330021.0,Pudahuel Santiago ,-33.37833,-70.78778,2022-01-09,29.4
330021.0,Pudahuel Santiago ,-33.37833,-70.78778,2022-01-10,28.4
330021.0,Pudahuel Santiago ,-33.37833,-70.78778,2022-01-11,30.6
330021.0,Pudahuel Santiago ,-33.37833,-70.78778,2022-01-12,31.0
330021.0,Pudahuel Santiago ,-33.37833,-70.78778,2022-01-13,30.7
330021.0,Pudahuel Santiago ,-33.37833,-70.78778,2022-01-14,28.8
330021.0,Pudahuel Santiago ,-33.37833,-70.78778,2022-01-15,32.2
330021.0,Pudahuel Santiago ,-33.37833,-70.78778,2022-01-16,29.3
330021.0,Pudahuel Santiago ,-33.37833,-70.78778,2022-01-17,23.2
330021.0,Pudahuel Santiago ,-33.37833,-70.78778,2022-01-18,24.5
330030.0,"Santo Domingo, Ad.",-33.65611,-71.61333,2022-01-02,19.2
330030.0,"Santo Domingo, Ad.",-33.65611,-71.61333,2022-01-03,20.3
330030.0,"Santo Domingo, Ad.",-33.65611,-71.61333,2022-01-04,20.6
330030.0,"Santo Domingo, Ad.",-33.65611,-71.61333,2022-01-05,20.9
330030.0,"Santo Domingo, Ad.",-33.65611,-71.61333,2022-01-06,18.4
330030.0,"Santo Domingo, Ad.",-33.65611,-71.61333,2022-01-07,19.1
330030.0,"Santo Domingo, Ad.",-33.65611,-71.61333,2022-01-08,17.0
330030.0,"Santo Domingo, Ad.",-33.65611,-71.61333,2022-01-09,19.7
330030.0,"Santo Domingo, Ad.",-33.65611,-71.61333,2022-01-10,21.0
330030.0,"Santo Domingo, Ad.",-33.65611,-71.61333,2022-01-11,20.2
330030.0,"Santo Domingo, Ad.",-33.65611,-71.61333,2022-01-12,20.2
330030.0,"Santo Domingo, Ad.",-33.65611,-71.61333,2022-01-13,19.1
330030.0,"Santo Domingo, Ad.",-33.65611,-71.61333,2022-01-14,20.7
330030.0,"Santo Domingo, Ad.",-33.65611,-71.61333,2022-01-15,21.8
330030.0,"Santo Domingo, Ad.",-33.65611,-71.61333,2022-01-16,19.3
330030.0,"Santo Domingo, Ad.",-33.65611,-71.61333,2022-01-17,19.1
330030.0,"Santo Domingo, Ad.",-33.65611,-71.61333,2022-01-18,19.3
330031.0,"Juan Fernández, Estación Meteorológica.",-33.63583,-78.83305,2022-01-02,21.0
330031.0,"Juan Fernández, Estación Meteorológica.",-33.63583,-78.83305,2022-01-03,22.1
330031.0,"Juan Fernández, Estación Meteorológica.",-33.63583,-78.83305,2022-01-04,22.4
330031.0,"Juan Fernández, Estación Meteorológica.",-33.63583,-78.83305,2022-01-05,18.1
330031.0,"Juan Fernández, Estación Meteorológica.",-33.63583,-78.83305,2022-01-06,18.6
330031.0,"Juan Fernández, Estación Meteorológica.",-33.63583,-78.83305,2022-01-07,18.2
330031.0,"Juan Fernández, Estación Meteorológica.",-33.63583,-78.83305,2022-01-08,20.1
330031.0,"Juan Fernández, Estación Meteorológica.",-33.63583,-78.83305,2022-01-09,20.1
330031.0,"Juan Fernández, Estación Meteorológica.",-33.63583,-78.83305,2022-01-10,18.7
330031.0,"Juan Fernández, Estación Meteorológica.",-33.63583,-78.83305,2022-01-11,21.1
330031.0,"Juan Fernández, Estación Meteorológica.",-33.63583,-78.83305,2022-01-12,21.1
330031.0,"Juan Fernández, Estación Meteorológica.",-33.63583,-78.83305,2022-01-13,21.9
330031.0,"Juan Fernández, Estación Meteorológica.",-33.63583,-78.83305,2022-01-14,23.8
330031.0,"Juan Fernández, Estación Meteorológica.",-33.63583,-78.83305,2022-01-15,20.8
330031.0,"Juan Fernández, Estación Meteorológica.",-33.63583,-78.83305,2022-01-16,19.3
330031.0,"Juan Fernández, Estación Meteorológica.",-33.63583,-78.83305,2022-01-17,20.2
330031.0,"Juan Fernández, Estación Meteorológica.",-33.63583,-78.83305,2022-01-18,18.3
330077.0,El Colorado,-33.35,-70.29361,2022-01-02,12.5
330077.0,El Colorado,-33.35,-70.29361,2022-01-03,13.5
330077.0,El Colorado,-33.35,-70.29361,2022-01-04,14.3
330077.0,El Colorado,-33.35,-70.29361,2022-01-05,15.2
330077.0,El Colorado,-33.35,-70.29361,2022-01-06,16.6
330077.0,El Colorado,-33.35,-70.29361,2022-01-07,16.4
330077.0,El Colorado,-33.35,-70.29361,2022-01-08,17.3
330077.0,El Colorado,-33.35,-70.29361,2022-01-09,16.1
330077.0,El Colorado,-33.35,-70.29361,2022-01-10,16.0
330077.0,El Colorado,-33.35,-70.29361,2022-01-11,17.5
330077.0,El Colorado,-33.35,-70.29361,2022-01-12,17.5
330111.0,Lo Prado Cerro San Francisco,-33.45806,-70.94861,2022-01-02,26.9
330111.0,Lo Prado Cerro San Francisco,-33.45806,-70.94861,2022-01-03,28.1
330111.0,Lo Prado Cerro San Francisco,-33.45806,-70.94861,2022-01-04,30.1
330111.0,Lo Prado Cerro San Francisco,-33.45806,-70.94861,2022-01-05,28.9
330111.0,Lo Prado Cerro San Francisco,-33.45806,-70.94861,2022-01-06,28.1
330111.0,Lo Prado Cerro San Francisco,-33.45806,-70.94861,2022-01-07,25.1
330111.0,Lo Prado Cerro San Francisco,-33.45806,-70.94861,2022-01-08,30.4
330111.0,Lo Prado Cerro San Francisco,-33.45806,-70.94861,2022-01-09,23.5
330111.0,Lo Prado Cerro San Francisco,-33.45806,-70.94861,2022-01-10,24.9
330111.0,Lo Prado Cerro San Francisco,-33.45806,-70.94861,2022-01-11,28.5
330111.0,Lo Prado Cerro San Francisco,-33.45806,-70.94861,2022-01-12,27.4
330111.0,Lo Prado Cerro San Francisco,-33.45806,-70.94861,2022-01-13,25.1
330111.0,Lo Prado Cerro San Francisco,-33.45806,-70.94861,2022-01-14,23.1
330111.0,Lo Prado Cerro San Francisco,-33.45806,-70.94861,2022-01-15,28.9
330111.0,Lo Prado Cerro San Francisco,-33.45806,-70.94861,2022-01-16,25.1
330111.0,Lo Prado Cerro San Francisco,-33.45806,-70.94861,2022-01-17,15.9
330111.0,Lo Prado Cerro San Francisco,-33.45806,-70.94861,2022-01-18,21.8
330112.0,San José  Guayacán,-33.61528,-70.35055,2022-01-02,28.6
330112.0,San José  Guayacán,-33.61528,-70.35055,2022-01-03,29.7
330112.0,San José  Guayacán,-33.61528,-70.35055,2022-01-04,30.4
330112.0,San José  Guayacán,-33.61528,-70.35055,2022-01-05,30.0
330112.0,San José  Guayacán,-33.61528,-70.35055,2022-01-06,31.5
330112.0,San José  Guayacán,-33.61528,-70.35055,2022-01-07,29.3
330112.0,San José  Guayacán,-33.61528,-70.35055,2022-01-08,32.4
330112.0,San José  Guayacán,-33.61528,-70.35055,2022-01-09,30.4
330112.0,San José  Guayacán,-33.61528,-70.35055,2022-01-10,26.2
330112.0,San José  Guayacán,-33.61528,-70.35055,2022-01-11,29.3
330112.0,San José  Guayacán,-33.61528,-70.35055,2022-01-12,30.1
330112.0,San José  Guayacán,-33.61528,-70.35055,2022-01-13,30.3
330112.0,San José  Guayacán,-33.61528,-70.35055,2022-01-14,28.7
330112.0,San José  Guayacán,-33.61528,-70.35055,2022-01-15,30.1
330112.0,San José  Guayacán,-33.61528,-70.35055,2022-01-16,28.6
330112.0,San José  Guayacán,-33.61528,-70.35055,2022-01-17,24.1
330112.0,San José  Guayacán,-33.61528,-70.35055,2022-01-18,20.3
330113.0,El Paico,-33.70639,-71.00805,2022-01-02,28.6
330113.0,El Paico,-33.70639,-71.00805,2022-01-03,30.8
330113.0,El Paico,-33.70639,-71.00805,2022-01-04,31.5
330113.0,El Paico,-33.70639,-71.00805,2022-01-05,31.4
330113.0,El Paico,-33.70639,-71.00805,2022-01-06,29.5
330113.0,El Paico,-33.70639,-71.00805,2022-01-07,26.6
330113.0,El Paico,-33.70639,-71.00805,2022-01-08,30.9
330113.0,El Paico,-33.70639,-71.00805,2022-01-09,26.8
330113.0,El Paico,-33.70639,-71.00805,2022-01-10,27.9
330113.0,El Paico,-33.70639,-71.00805,2022-01-11,29.5
330113.0,El Paico,-33.70639,-71.00805,2022-01-13,27.2
330113.0,El Paico,-33.70639,-71.00805,2022-01-17,22.7
340031.0,"General Freire, Curicó Ad.",-34.96944,-71.21694,2022-01-02,29.0
340031.0,"General Freire, Curicó Ad.",-34.96944,-71.21694,2022-01-03,30.1
340031.0,"General Freire, Curicó Ad.",-34.96944,-71.21694,2022-01-04,31.2
340031.0,"General Freire, Curicó Ad.",-34.96944,-71.21694,2022-01-05,30.9
340031.0,"General Freire, Curicó Ad.",-34.96944,-71.21694,2022-01-06,32.3
340031.0,"General Freire, Curicó Ad.",-34.96944,-71.21694,2022-01-07,31.6
340031.0,"General Freire, Curicó Ad.",-34.96944,-71.21694,2022-01-08,35.2
340031.0,"General Freire, Curicó Ad.",-34.96944,-71.21694,2022-01-09,27.2
340031.0,"General Freire, Curicó Ad.",-34.96944,-71.21694,2022-01-10,29.1
340031.0,"General Freire, Curicó Ad.",-34.96944,-71.21694,2022-01-11,31.6
340031.0,"General Freire, Curicó Ad.",-34.96944,-71.21694,2022-01-12,32.3
340031.0,"General Freire, Curicó Ad.",-34.96944,-71.21694,2022-01-13,30.5
340031.0,"General Freire, Curicó Ad.",-34.96944,-71.21694,2022-01-14,29.8
340031.0,"General Freire, Curicó Ad.",-34.96944,-71.21694,2022-01-15,31.6
340031.0,"General Freire, Curicó Ad.",-34.96944,-71.21694,2022-01-16,31.1
340031.0,"General Freire, Curicó Ad.",-34.96944,-71.21694,2022-01-17,24.6
340045.0,Rancagua,-34.17222,-70.77611,2022-01-02,29.4
340045.0,Rancagua,-34.17222,-70.77611,2022-01-03,30.7
340045.0,Rancagua,-34.17222,-70.77611,2022-01-04,31.7
340045.0,Rancagua,-34.17222,-70.77611,2022-01-05,30.4
340045.0,Rancagua,-34.17222,-70.77611,2022-01-06,31.8
340045.0,Rancagua,-34.17222,-70.77611,2022-01-07,30.9
340045.0,Rancagua,-34.17222,-70.77611,2022-01-08,33.9
340045.0,Rancagua,-34.17222,-70.77611,2022-01-09,27.2
340045.0,Rancagua,-34.17222,-70.77611,2022-01-10,26.8
340045.0,Rancagua,-34.17222,-70.77611,2022-01-11,30.9
340045.0,Rancagua,-34.17222,-70.77611,2022-01-12,31.7
340045.0,Rancagua,-34.17222,-70.77611,2022-01-13,31.0
340045.0,Rancagua,-34.17222,-70.77611,2022-01-14,28.5
340045.0,Rancagua,-34.17222,-70.77611,2022-01-15,31.7
340045.0,Rancagua,-34.17222,-70.77611,2022-01-16,30.1
340045.0,Rancagua,-34.17222,-70.77611,2022-01-17,22.7
340045.0,Rancagua,-34.17222,-70.77611,2022-01-18,22.9
360011.0,"General Bernardo O'Higgins, Chillán Ad.",-36.58583,-72.03667,2022-01-02,26.0
360011.0,"General Bernardo O'Higgins, Chillán Ad.",-36.58583,-72.03667,2022-01-03,23.2
360011.0,"General Bernardo O'Higgins, Chillán Ad.",-36.58583,-72.03667,2022-01-04,27.1
360011.0,"General Bernardo O'Higgins, Chillán Ad.",-36.58583,-72.03667,2022-01-05,28.2
360011.0,"General Bernardo O'Higgins, Chillán Ad.",-36.58583,-72.03667,2022-01-06,32.5
360011.0,"General Bernardo O'Higgins, Chillán Ad.",-36.58583,-72.03667,2022-01-07,33.5
360011.0,"General Bernardo O'Higgins, Chillán Ad.",-36.58583,-72.03667,2022-01-08,36.2
360011.0,"General Bernardo O'Higgins, Chillán Ad.",-36.58583,-72.03667,2022-01-09,32.4
360011.0,"General Bernardo O'Higgins, Chillán Ad.",-36.58583,-72.03667,2022-01-10,28.7
360011.0,"General Bernardo O'Higgins, Chillán Ad.",-36.58583,-72.03667,2022-01-11,33.4
360011.0,"General Bernardo O'Higgins, Chillán Ad.",-36.58583,-72.03667,2022-01-12,35.7
360011.0,"General Bernardo O'Higgins, Chillán Ad.",-36.58583,-72.03667,2022-01-13,33.5
360011.0,"General Bernardo O'Higgins, Chillán Ad.",-36.58583,-72.03667,2022-01-14,29.7
360011.0,"General Bernardo O'Higgins, Chillán Ad.",-36.58583,-72.03667,2022-01-15,31.5
360011.0,"General Bernardo O'Higgins, Chillán Ad.",-36.58583,-72.03667,2022-01-16,30.6
360011.0,"General Bernardo O'Higgins, Chillán Ad.",-36.58583,-72.03667,2022-01-17,25.7
360011.0,"General Bernardo O'Higgins, Chillán Ad.",-36.58583,-72.03667,2022-01-18,21.3
360019.0,"Carriel Sur, Concepción Ap.",-36.78055,-73.06639,2022-01-02,20.0
360019.0,"Carriel Sur, Concepción Ap.",-36.78055,-73.06639,2022-01-03,18.3
360019.0,"Carriel Sur, Concepción Ap.",-36.78055,-73.06639,2022-01-04,19.4
360019.0,"Carriel Sur, Concepción Ap.",-36.78055,-73.06639,2022-01-05,22.6
360019.0,"Carriel Sur, Concepción Ap.",-36.78055,-73.06639,2022-01-06,22.2
360019.0,"Carriel Sur, Concepción Ap.",-36.78055,-73.06639,2022-01-07,22.9
360019.0,"Carriel Sur, Concepción Ap.",-36.78055,-73.06639,2022-01-08,25.9
360019.0,"Carriel Sur, Concepción Ap.",-36.78055,-73.06639,2022-01-09,17.8
360019.0,"Carriel Sur, Concepción Ap.",-36.78055,-73.06639,2022-01-10,21.6
360019.0,"Carriel Sur, Concepción Ap.",-36.78055,-73.06639,2022-01-11,25.9
360019.0,"Carriel Sur, Concepción Ap.",-36.78055,-73.06639,2022-01-12,22.5
360019.0,"Carriel Sur, Concepción Ap.",-36.78055,-73.06639,2022-01-13,20.8
360019.0,"Carriel Sur, Concepción Ap.",-36.78055,-73.06639,2022-01-14,22.6
360019.0,"Carriel Sur, Concepción Ap.",-36.78055,-73.06639,2022-01-15,24.5
360019.0,"Carriel Sur, Concepción Ap.",-36.78055,-73.06639,2022-01-16,23.2
360019.0,"Carriel Sur, Concepción Ap.",-36.78055,-73.06639,2022-01-17,20.5
360019.0,"Carriel Sur, Concepción Ap.",-36.78055,-73.06639,2022-01-18,18.4
360042.0,Termas de Chillán,-36.90361,-71.41,2022-01-02,
360042.0,Termas de Chillán,-36.90361,-71.41,2022-01-03,
360042.0,Termas de Chillán,-36.90361,-71.41,2022-01-04,
360042.0,Termas de Chillán,-36.90361,-71.41,2022-01-05,
360047.0,Retiro Copihue,-36.07555,-71.75805,2022-01-02,26.6
360047.0,Retiro Copihue,-36.07555,-71.75805,2022-01-03,26.6
360047.0,Retiro Copihue,-36.07555,-71.75805,2022-01-04,29.0
360047.0,Retiro Copihue,-36.07555,-71.75805,2022-01-05,28.5
360047.0,Retiro Copihue,-36.07555,-71.75805,2022-01-06,32.3
360047.0,Retiro Copihue,-36.07555,-71.75805,2022-01-07,33.1
360047.0,Retiro Copihue,-36.07555,-71.75805,2022-01-08,34.8
360047.0,Retiro Copihue,-36.07555,-71.75805,2022-01-09,29.2
360047.0,Retiro Copihue,-36.07555,-71.75805,2022-01-10,28.6
360047.0,Retiro Copihue,-36.07555,-71.75805,2022-01-11,31.6
360047.0,Retiro Copihue,-36.07555,-71.75805,2022-01-12,34.6
360047.0,Retiro Copihue,-36.07555,-71.75805,2022-01-13,33.3
360047.0,Retiro Copihue,-36.07555,-71.75805,2022-01-14,30.0
360047.0,Retiro Copihue,-36.07555,-71.75805,2022-01-15,31.0
360047.0,Retiro Copihue,-36.07555,-71.75805,2022-01-16,31.3
360047.0,Retiro Copihue,-36.07555,-71.75805,2022-01-17,26.1
360047.0,Retiro Copihue,-36.07555,-71.75805,2022-01-18,21.8
380013.0,"Maquehue, Temuco Ad.",-38.76778,-72.63194,2022-01-02,19.8
380013.0,"Maquehue, Temuco Ad.",-38.76778,-72.63194,2022-01-03,18.7
380013.0,"Maquehue, Temuco Ad.",-38.76778,-72.63194,2022-01-04,19.8
380013.0,"Maquehue, Temuco Ad.",-38.76778,-72.63194,2022-01-05,23.0
380013.0,"Maquehue, Temuco Ad.",-38.76778,-72.63194,2022-01-06,26.2
380013.0,"Maquehue, Temuco Ad.",-38.76778,-72.63194,2022-01-07,27.0
380013.0,"Maquehue, Temuco Ad.",-38.76778,-72.63194,2022-01-08,28.8
380013.0,"Maquehue, Temuco Ad.",-38.76778,-72.63194,2022-01-09,28.7
380013.0,"Maquehue, Temuco Ad.",-38.76778,-72.63194,2022-01-10,25.9
380013.0,"Maquehue, Temuco Ad.",-38.76778,-72.63194,2022-01-11,28.6
380013.0,"Maquehue, Temuco Ad.",-38.76778,-72.63194,2022-01-12,31.9
380013.0,"Maquehue, Temuco Ad.",-38.76778,-72.63194,2022-01-13,27.0
380013.0,"Maquehue, Temuco Ad.",-38.76778,-72.63194,2022-01-14,26.0
380013.0,"Maquehue, Temuco Ad.",-38.76778,-72.63194,2022-01-15,26.9
380013.0,"Maquehue, Temuco Ad.",-38.76778,-72.63194,2022-01-16,22.9
380013.0,"Maquehue, Temuco Ad.",-38.76778,-72.63194,2022-01-17,18.2
380013.0,"Maquehue, Temuco Ad.",-38.76778,-72.63194,2022-01-18,18.3
380029.0,La Araucanía Ad.,-38.93444,-72.65333,2022-01-02,17.5
380029.0,La Araucanía Ad.,-38.93444,-72.65333,2022-01-03,19.1
380029.0,La Araucanía Ad.,-38.93444,-72.65333,2022-01-04,20.0
380029.0,La Araucanía Ad.,-38.93444,-72.65333,2022-01-05,22.6
380029.0,La Araucanía Ad.,-38.93444,-72.65333,2022-01-06,24.9
380029.0,La Araucanía Ad.,-38.93444,-72.65333,2022-01-07,25.8
380029.0,La Araucanía Ad.,-38.93444,-72.65333,2022-01-08,29.1
380029.0,La Araucanía Ad.,-38.93444,-72.65333,2022-01-09,27.7
380029.0,La Araucanía Ad.,-38.93444,-72.65333,2022-01-10,23.8
380029.0,La Araucanía Ad.,-38.93444,-72.65333,2022-01-11,27.2
380029.0,La Araucanía Ad.,-38.93444,-72.65333,2022-01-12,30.8
380029.0,La Araucanía Ad.,-38.93444,-72.65333,2022-01-13,25.1
380029.0,La Araucanía Ad.,-38.93444,-72.65333,2022-01-14,24.6
380029.0,La Araucanía Ad.,-38.93444,-72.65333,2022-01-15,26.3
380029.0,La Araucanía Ad.,-38.93444,-72.65333,2022-01-16,22.2
380029.0,La Araucanía Ad.,-38.93444,-72.65333,2022-01-17,18.3
380029.0,La Araucanía Ad.,-38.93444,-72.65333,2022-01-18,18.2
380063.0,Victoria (Reg.),-38.22889,-72.34333,2022-01-02,20.0
380063.0,Victoria (Reg.),-38.22889,-72.34333,2022-01-03,18.9
380063.0,Victoria (Reg.),-38.22889,-72.34333,2022-01-05,23.1
380063.0,Victoria (Reg.),-38.22889,-72.34333,2022-01-06,28.8
380063.0,Victoria (Reg.),-38.22889,-72.34333,2022-01-07,28.9
380063.0,Victoria (Reg.),-38.22889,-72.34333,2022-01-08,30.2
380063.0,Victoria (Reg.),-38.22889,-72.34333,2022-01-09,31.5
380063.0,Victoria (Reg.),-38.22889,-72.34333,2022-01-10,26.5
380063.0,Victoria (Reg.),-38.22889,-72.34333,2022-01-11,30.1
380063.0,Victoria (Reg.),-38.22889,-72.34333,2022-01-12,33.3
380063.0,Victoria (Reg.),-38.22889,-72.34333,2022-01-13,32.9
380063.0,Victoria (Reg.),-38.22889,-72.34333,2022-01-14,27.0
380063.0,Victoria (Reg.),-38.22889,-72.34333,2022-01-15,28.8
380063.0,Victoria (Reg.),-38.22889,-72.34333,2022-01-16,24.0
380063.0,Victoria (Reg.),-38.22889,-72.34333,2022-01-17,17.7
380063.0,Victoria (Reg.),-38.22889,-72.34333,2022-01-18,18.3
390006.0,"Pichoy, Valdivia Ad.",-39.65667,-73.08722,2022-01-02,15.6
390006.0,"Pichoy, Valdivia Ad.",-39.65667,-73.08722,2022-01-03,20.0
390006.0,"Pichoy, Valdivia Ad.",-39.65667,-73.08722,2022-01-04,17.9
390006.0,"Pichoy, Valdivia Ad.",-39.65667,-73.08722,2022-01-05,21.4
390006.0,"Pichoy, Valdivia Ad.",-39.65667,-73.08722,2022-01-06,25.8
390006.0,"Pichoy, Valdivia Ad.",-39.65667,-73.08722,2022-01-07,28.0
390006.0,"Pichoy, Valdivia Ad.",-39.65667,-73.08722,2022-01-08,31.2
390006.0,"Pichoy, Valdivia Ad.",-39.65667,-73.08722,2022-01-09,28.3
390006.0,"Pichoy, Valdivia Ad.",-39.65667,-73.08722,2022-01-10,21.9
390006.0,"Pichoy, Valdivia Ad.",-39.65667,-73.08722,2022-01-11,27.4
390006.0,"Pichoy, Valdivia Ad.",-39.65667,-73.08722,2022-01-12,29.9
390006.0,"Pichoy, Valdivia Ad.",-39.65667,-73.08722,2022-01-13,27.2
390006.0,"Pichoy, Valdivia Ad.",-39.65667,-73.08722,2022-01-14,23.9
390006.0,"Pichoy, Valdivia Ad.",-39.65667,-73.08722,2022-01-15,24.5
390006.0,"Pichoy, Valdivia Ad.",-39.65667,-73.08722,2022-01-16,22.0
390006.0,"Pichoy, Valdivia Ad.",-39.65667,-73.08722,2022-01-17,18.7
390006.0,"Pichoy, Valdivia Ad.",-39.65667,-73.08722,2022-01-18,18.2
400009.0,"Cañal Bajo,  Osorno Ad.",-40.61444,-73.0575,2022-01-02,17.4
400009.0,"Cañal Bajo,  Osorno Ad.",-40.61444,-73.0575,2022-01-03,20.2
400009.0,"Cañal Bajo,  Osorno Ad.",-40.61444,-73.0575,2022-01-04,20.3
400009.0,"Cañal Bajo,  Osorno Ad.",-40.61444,-73.0575,2022-01-05,21.2
400009.0,"Cañal Bajo,  Osorno Ad.",-40.61444,-73.0575,2022-01-06,23.5
400009.0,"Cañal Bajo,  Osorno Ad.",-40.61444,-73.0575,2022-01-07,26.0
400009.0,"Cañal Bajo,  Osorno Ad.",-40.61444,-73.0575,2022-01-08,29.2
400009.0,"Cañal Bajo,  Osorno Ad.",-40.61444,-73.0575,2022-01-09,29.8
400009.0,"Cañal Bajo,  Osorno Ad.",-40.61444,-73.0575,2022-01-10,22.5
400009.0,"Cañal Bajo,  Osorno Ad.",-40.61444,-73.0575,2022-01-11,28.3
400009.0,"Cañal Bajo,  Osorno Ad.",-40.61444,-73.0575,2022-01-12,29.4
400009.0,"Cañal Bajo,  Osorno Ad.",-40.61444,-73.0575,2022-01-13,30.7
400009.0,"Cañal Bajo,  Osorno Ad.",-40.61444,-73.0575,2022-01-14,22.4
400009.0,"Cañal Bajo,  Osorno Ad.",-40.61444,-73.0575,2022-01-15,23.1
400009.0,"Cañal Bajo,  Osorno Ad.",-40.61444,-73.0575,2022-01-16,20.5
400009.0,"Cañal Bajo,  Osorno Ad.",-40.61444,-73.0575,2022-01-17,16.5
400009.0,"Cañal Bajo,  Osorno Ad.",-40.61444,-73.0575,2022-01-18,19.2
410005.0,El Tepual  Puerto Montt Ap.,-41.4475,-73.09583,2022-01-02,15.8
410005.0,El Tepual  Puerto Montt Ap.,-41.4475,-73.09583,2022-01-03,18.8
410005.0,El Tepual  Puerto Montt Ap.,-41.4475,-73.09583,2022-01-04,17.4
410005.0,El Tepual  Puerto Montt Ap.,-41.4475,-73.09583,2022-01-05,19.4
410005.0,El Tepual  Puerto Montt Ap.,-41.4475,-73.09583,2022-01-06,18.4
410005.0,El Tepual  Puerto Montt Ap.,-41.4475,-73.09583,2022-01-07,20.5
410005.0,El Tepual  Puerto Montt Ap.,-41.4475,-73.09583,2022-01-08,24.7
410005.0,El Tepual  Puerto Montt Ap.,-41.4475,-73.09583,2022-01-09,24.3
410005.0,El Tepual  Puerto Montt Ap.,-41.4475,-73.09583,2022-01-10,22.7
410005.0,El Tepual  Puerto Montt Ap.,-41.4475,-73.09583,2022-01-11,23.5
410005.0,El Tepual  Puerto Montt Ap.,-41.4475,-73.09583,2022-01-12,22.8
410005.0,El Tepual  Puerto Montt Ap.,-41.4475,-73.09583,2022-01-13,23.1
410005.0,El Tepual  Puerto Montt Ap.,-41.4475,-73.09583,2022-01-14,21.5
410005.0,El Tepual  Puerto Montt Ap.,-41.4475,-73.09583,2022-01-15,20.5
410005.0,El Tepual  Puerto Montt Ap.,-41.4475,-73.09583,2022-01-16,17.5
410005.0,El Tepual  Puerto Montt Ap.,-41.4475,-73.09583,2022-01-17,15.0
410005.0,El Tepual  Puerto Montt Ap.,-41.4475,-73.09583,2022-01-18,16.8
430001.0,Quellón Ad.,-43.13361,-73.63278,2022-01-02,16.2
430001.0,Quellón Ad.,-43.13361,-73.63278,2022-01-03,18.5
430001.0,Quellón Ad.,-43.13361,-73.63278,2022-01-04,17.6
430001.0,Quellón Ad.,-43.13361,-73.63278,2022-01-05,15.9
430001.0,Quellón Ad.,-43.13361,-73.63278,2022-01-06,18.4
430001.0,Quellón Ad.,-43.13361,-73.63278,2022-01-07,20.8
430001.0,Quellón Ad.,-43.13361,-73.63278,2022-01-08,21.4
430001.0,Quellón Ad.,-43.13361,-73.63278,2022-01-09,19.7
430001.0,Quellón Ad.,-43.13361,-73.63278,2022-01-10,21.4
430001.0,Quellón Ad.,-43.13361,-73.63278,2022-01-11,23.0
430001.0,Quellón Ad.,-43.13361,-73.63278,2022-01-12,20.9
430001.0,Quellón Ad.,-43.13361,-73.63278,2022-01-13,18.4
430001.0,Quellón Ad.,-43.13361,-73.63278,2022-01-14,19.8
430001.0,Quellón Ad.,-43.13361,-73.63278,2022-01-15,16.6
430001.0,Quellón Ad.,-43.13361,-73.63278,2022-01-16,19.0
430001.0,Quellón Ad.,-43.13361,-73.63278,2022-01-17,12.8
430001.0,Quellón Ad.,-43.13361,-73.63278,2022-01-18,16.0
430002.0,Futaleufú Ad.,-43.18889,-71.85222,2022-01-02,14.5
430002.0,Futaleufú Ad.,-43.18889,-71.85222,2022-01-03,14.1
430002.0,Futaleufú Ad.,-43.18889,-71.85222,2022-01-04,19.5
430002.0,Futaleufú Ad.,-43.18889,-71.85222,2022-01-05,18.3
430002.0,Futaleufú Ad.,-43.18889,-71.85222,2022-01-06,26.1
430002.0,Futaleufú Ad.,-43.18889,-71.85222,2022-01-07,29.4
430002.0,Futaleufú Ad.,-43.18889,-71.85222,2022-01-08,28.8
430002.0,Futaleufú Ad.,-43.18889,-71.85222,2022-01-09,28.6
430002.0,Futaleufú Ad.,-43.18889,-71.85222,2022-01-10,25.3
430002.0,Futaleufú Ad.,-43.18889,-71.85222,2022-01-11,24.2
430002.0,Futaleufú Ad.,-43.18889,-71.85222,2022-01-12,27.7
430002.0,Futaleufú Ad.,-43.18889,-71.85222,2022-01-13,28.4
430002.0,Futaleufú Ad.,-43.18889,-71.85222,2022-01-14,21.1
430002.0,Futaleufú Ad.,-43.18889,-71.85222,2022-01-15,19.5
430002.0,Futaleufú Ad.,-43.18889,-71.85222,2022-01-16,17.1
430002.0,Futaleufú Ad.,-43.18889,-71.85222,2022-01-17,13.6
430002.0,Futaleufú Ad.,-43.18889,-71.85222,2022-01-18,18.0
430009.0,Melinka Ad.,-43.89778,-73.73944,2022-01-02,15.5
430009.0,Melinka Ad.,-43.89778,-73.73944,2022-01-03,15.4
430009.0,Melinka Ad.,-43.89778,-73.73944,2022-01-04,14.7
430009.0,Melinka Ad.,-43.89778,-73.73944,2022-01-05,15.8
430009.0,Melinka Ad.,-43.89778,-73.73944,2022-01-06,20.8
430009.0,Melinka Ad.,-43.89778,-73.73944,2022-01-07,23.2
430009.0,Melinka Ad.,-43.89778,-73.73944,2022-01-08,23.0
430009.0,Melinka Ad.,-43.89778,-73.73944,2022-01-09,19.8
430009.0,Melinka Ad.,-43.89778,-73.73944,2022-01-10,18.6
430009.0,Melinka Ad.,-43.89778,-73.73944,2022-01-11,19.2
430009.0,Melinka Ad.,-43.89778,-73.73944,2022-01-12,19.7
430009.0,Melinka Ad.,-43.89778,-73.73944,2022-01-13,19.5
430009.0,Melinka Ad.,-43.89778,-73.73944,2022-01-14,15.6
430009.0,Melinka Ad.,-43.89778,-73.73944,2022-01-15,17.6
430009.0,Melinka Ad.,-43.89778,-73.73944,2022-01-16,14.9
430009.0,Melinka Ad.,-43.89778,-73.73944,2022-01-17,15.1
430009.0,Melinka Ad.,-43.89778,-73.73944,2022-01-18,17.6
450001.0,Puerto Aysén Ad.,-45.39944,-72.67722,2022-01-08,24.7
450001.0,Puerto Aysén Ad.,-45.39944,-72.67722,2022-01-14,18.2
450001.0,Puerto Aysén Ad.,-45.39944,-72.67722,2022-01-18,18.3
450004.0,"Teniente Vidal, Coyhaique Ad.",-45.59083,-72.10222,2022-01-02,16.1
450004.0,"Teniente Vidal, Coyhaique Ad.",-45.59083,-72.10222,2022-01-03,14.3
450004.0,"Teniente Vidal, Coyhaique Ad.",-45.59083,-72.10222,2022-01-04,14.0
450004.0,"Teniente Vidal, Coyhaique Ad.",-45.59083,-72.10222,2022-01-05,18.0
450004.0,"Teniente Vidal, Coyhaique Ad.",-45.59083,-72.10222,2022-01-06,23.4
450004.0,"Teniente Vidal, Coyhaique Ad.",-45.59083,-72.10222,2022-01-07,24.9
450004.0,"Teniente Vidal, Coyhaique Ad.",-45.59083,-72.10222,2022-01-08,24.6
450004.0,"Teniente Vidal, Coyhaique Ad.",-45.59083,-72.10222,2022-01-09,23.0
450004.0,"Teniente Vidal, Coyhaique Ad.",-45.59083,-72.10222,2022-01-10,21.4
450004.0,"Teniente Vidal, Coyhaique Ad.",-45.59083,-72.10222,2022-01-11,20.4
450004.0,"Teniente Vidal, Coyhaique Ad.",-45.59083,-72.10222,2022-01-12,22.7
450004.0,"Teniente Vidal, Coyhaique Ad.",-45.59083,-72.10222,2022-01-13,23.6
450004.0,"Teniente Vidal, Coyhaique Ad.",-45.59083,-72.10222,2022-01-14,20.1
450004.0,"Teniente Vidal, Coyhaique Ad.",-45.59083,-72.10222,2022-01-15,20.9
450004.0,"Teniente Vidal, Coyhaique Ad.",-45.59083,-72.10222,2022-01-16,13.7
450004.0,"Teniente Vidal, Coyhaique Ad.",-45.59083,-72.10222,2022-01-17,14.6
450004.0,"Teniente Vidal, Coyhaique Ad.",-45.59083,-72.10222,2022-01-18,18.8
450005.0,Balmaceda Ad.,-45.91833,-71.67778,2022-01-02,15.6
450005.0,Balmaceda Ad.,-45.91833,-71.67778,2022-01-03,12.3
450005.0,Balmaceda Ad.,-45.91833,-71.67778,2022-01-04,12.9
450005.0,Balmaceda Ad.,-45.91833,-71.67778,2022-01-05,17.4
450005.0,Balmaceda Ad.,-45.91833,-71.67778,2022-01-06,22.3
450005.0,Balmaceda Ad.,-45.91833,-71.67778,2022-01-07,23.2
450005.0,Balmaceda Ad.,-45.91833,-71.67778,2022-01-08,24.0
450005.0,Balmaceda Ad.,-45.91833,-71.67778,2022-01-09,22.4
450005.0,Balmaceda Ad.,-45.91833,-71.67778,2022-01-10,19.7
450005.0,Balmaceda Ad.,-45.91833,-71.67778,2022-01-11,20.0
450005.0,Balmaceda Ad.,-45.91833,-71.67778,2022-01-12,21.0
450005.0,Balmaceda Ad.,-45.91833,-71.67778,2022-01-13,22.8
450005.0,Balmaceda Ad.,-45.91833,-71.67778,2022-01-14,18.6
450005.0,Balmaceda Ad.,-45.91833,-71.67778,2022-01-15,20.2
450005.0,Balmaceda Ad.,-45.91833,-71.67778,2022-01-16,13.4
450005.0,Balmaceda Ad.,-45.91833,-71.67778,2022-01-17,14.8
450005.0,Balmaceda Ad.,-45.91833,-71.67778,2022-01-18,16.6
510005.0,"Teniente Gallardo, Puerto Natales Ad.",-51.66722,-72.52889,2022-01-02,15.9
510005.0,"Teniente Gallardo, Puerto Natales Ad.",-51.66722,-72.52889,2022-01-03,12.8
510005.0,"Teniente Gallardo, Puerto Natales Ad.",-51.66722,-72.52889,2022-01-04,8.8
510005.0,"Teniente Gallardo, Puerto Natales Ad.",-51.66722,-72.52889,2022-01-05,12.8
510005.0,"Teniente Gallardo, Puerto Natales Ad.",-51.66722,-72.52889,2022-01-06,18.7
510005.0,"Teniente Gallardo, Puerto Natales Ad.",-51.66722,-72.52889,2022-01-07,22.7
510005.0,"Teniente Gallardo, Puerto Natales Ad.",-51.66722,-72.52889,2022-01-08,23.1
510005.0,"Teniente Gallardo, Puerto Natales Ad.",-51.66722,-72.52889,2022-01-09,16.1
510005.0,"Teniente Gallardo, Puerto Natales Ad.",-51.66722,-72.52889,2022-01-10,14.8
510005.0,"Teniente Gallardo, Puerto Natales Ad.",-51.66722,-72.52889,2022-01-11,15.9
510005.0,"Teniente Gallardo, Puerto Natales Ad.",-51.66722,-72.52889,2022-01-12,15.9
510005.0,"Teniente Gallardo, Puerto Natales Ad.",-51.66722,-72.52889,2022-01-13,17.0
510005.0,"Teniente Gallardo, Puerto Natales Ad.",-51.66722,-72.52889,2022-01-14,16.3
510005.0,"Teniente Gallardo, Puerto Natales Ad.",-51.66722,-72.52889,2022-01-15,13.7
510005.0,"Teniente Gallardo, Puerto Natales Ad.",-51.66722,-72.52889,2022-01-16,11.9
510005.0,"Teniente Gallardo, Puerto Natales Ad.",-51.66722,-72.52889,2022-01-17,11.7
510005.0,"Teniente Gallardo, Puerto Natales Ad.",-51.66722,-72.52889,2022-01-18,13.5
520006.0,"Carlos Ibañez, Punta Arenas Ap.",-53.00167,-70.83861,2022-01-02,16.0
520006.0,"Carlos Ibañez, Punta Arenas Ap.",-53.00167,-70.83861,2022-01-03,11.2
520006.0,"Carlos Ibañez, Punta Arenas Ap.",-53.00167,-70.83861,2022-01-04,10.4
520006.0,"Carlos Ibañez, Punta Arenas Ap.",-53.00167,-70.83861,2022-01-05,12.1
520006.0,"Carlos Ibañez, Punta Arenas Ap.",-53.00167,-70.83861,2022-01-06,17.7
520006.0,"Carlos Ibañez, Punta Arenas Ap.",-53.00167,-70.83861,2022-01-07,19.0
520006.0,"Carlos Ibañez, Punta Arenas Ap.",-53.00167,-70.83861,2022-01-08,14.6
520006.0,"Carlos Ibañez, Punta Arenas Ap.",-53.00167,-70.83861,2022-01-09,14.6
520006.0,"Carlos Ibañez, Punta Arenas Ap.",-53.00167,-70.83861,2022-01-10,13.1
520006.0,"Carlos Ibañez, Punta Arenas Ap.",-53.00167,-70.83861,2022-01-11,13.1
520006.0,"Carlos Ibañez, Punta Arenas Ap.",-53.00167,-70.83861,2022-01-12,13.4
520006.0,"Carlos Ibañez, Punta Arenas Ap.",-53.00167,-70.83861,2022-01-13,14.2
520006.0,"Carlos Ibañez, Punta Arenas Ap.",-53.00167,-70.83861,2022-01-14,14.7
520006.0,"Carlos Ibañez, Punta Arenas Ap.",-53.00167,-70.83861,2022-01-15,13.2
520006.0,"Carlos Ibañez, Punta Arenas Ap.",-53.00167,-70.83861,2022-01-16,13.5
520006.0,"Carlos Ibañez, Punta Arenas Ap.",-53.00167,-70.83861,2022-01-17,11.4
520006.0,"Carlos Ibañez, Punta Arenas Ap.",-53.00167,-70.83861,2022-01-18,12.6
530005.0,"Fuentes Martínez, Porvenir Ad.",-53.25361,-70.32611,2022-01-02,15.5
530005.0,"Fuentes Martínez, Porvenir Ad.",-53.25361,-70.32611,2022-01-03,11.3
530005.0,"Fuentes Martínez, Porvenir Ad.",-53.25361,-70.32611,2022-01-04,12.7
530005.0,"Fuentes Martínez, Porvenir Ad.",-53.25361,-70.32611,2022-01-05,11.6
530005.0,"Fuentes Martínez, Porvenir Ad.",-53.25361,-70.32611,2022-01-06,18.1
530005.0,"Fuentes Martínez, Porvenir Ad.",-53.25361,-70.32611,2022-01-07,19.9
530005.0,"Fuentes Martínez, Porvenir Ad.",-53.25361,-70.32611,2022-01-08,17.0
530005.0,"Fuentes Martínez, Porvenir Ad.",-53.25361,-70.32611,2022-01-09,15.3
530005.0,"Fuentes Martínez, Porvenir Ad.",-53.25361,-70.32611,2022-01-10,12.2
530005.0,"Fuentes Martínez, Porvenir Ad.",-53.25361,-70.32611,2022-01-11,13.7
530005.0,"Fuentes Martínez, Porvenir Ad.",-53.25361,-70.32611,2022-01-12,14.2
530005.0,"Fuentes Martínez, Porvenir Ad.",-53.25361,-70.32611,2022-01-13,15.4
530005.0,"Fuentes Martínez, Porvenir Ad.",-53.25361,-70.32611,2022-01-14,14.7
530005.0,"Fuentes Martínez, Porvenir Ad.",-53.25361,-70.32611,2022-01-15,12.9
530005.0,"Fuentes Martínez, Porvenir Ad.",-53.25361,-70.32611,2022-01-16,13.3
530005.0,"Fuentes Martínez, Porvenir Ad.",-53.25361,-70.32611,2022-01-17,12.1
530005.0,"Fuentes Martínez, Porvenir Ad.",-53.25361,-70.32611,2022-01-18,13.3
550001.0,"Guardiamarina Zañartu, Pto Williams Ad.",-54.93167,-67.61556,2022-01-02,12.0
550001.0,"Guardiamarina Zañartu, Pto Williams Ad.",-54.93167,-67.61556,2022-01-03,11.4
550001.0,"Guardiamarina Zañartu, Pto Williams Ad.",-54.93167,-67.61556,2022-01-04,11.5
550001.0,"Guardiamarina Zañartu, Pto Williams Ad.",-54.93167,-67.61556,2022-01-05,11.0
550001.0,"Guardiamarina Zañartu, Pto Williams Ad.",-54.93167,-67.61556,2022-01-06,17.7
550001.0,"Guardiamarina Zañartu, Pto Williams Ad.",-54.93167,-67.61556,2022-01-07,19.4
550001.0,"Guardiamarina Zañartu, Pto Williams Ad.",-54.93167,-67.61556,2022-01-08,15.3
550001.0,"Guardiamarina Zañartu, Pto Williams Ad.",-54.93167,-67.61556,2022-01-09,15.1
550001.0,"Guardiamarina Zañartu, Pto Williams Ad.",-54.93167,-67.61556,2022-01-10,11.5
550001.0,"Guardiamarina Zañartu, Pto Williams Ad.",-54.93167,-67.61556,2022-01-11,13.5
550001.0,"Guardiamarina Zañartu, Pto Williams Ad.",-54.93167,-67.61556,2022-01-12,12.1
550001.0,"Guardiamarina Zañartu, Pto Williams Ad.",-54.93167,-67.61556,2022-01-13,14.5
550001.0,"Guardiamarina Zañartu, Pto Williams Ad.",-54.93167,-67.61556,2022-01-14,14.6
550001.0,"Guardiamarina Zañartu, Pto Williams Ad.",-54.93167,-67.61556,2022-01-15,12.0
550001.0,"Guardiamarina Zañartu, Pto Williams Ad.",-54.93167,-67.61556,2022-01-16,9.5
550001.0,"Guardiamarina Zañartu, Pto Williams Ad.",-54.93167,-67.61556,2022-01-17,8.5
550001.0,"Guardiamarina Zañartu, Pto Williams Ad.",-54.93167,-67.61556,2022-01-18,11.4
950001.0,"C.M.A. Eduardo Frei Montalva, Antártica ",-62.19194,-58.97972,2022-01-02,-0.3
950001.0,"C.M.A. Eduardo Frei Montalva, Antártica ",-62.19194,-58.97972,2022-01-03,5.0
950001.0,"C.M.A. Eduardo Frei Montalva, Antártica ",-62.19194,-58.97972,2022-01-04,-0.4
950001.0,"C.M.A. Eduardo Frei Montalva, Antártica ",-62.19194,-58.97972,2022-01-05,2.0
950001.0,"C.M.A. Eduardo Frei Montalva, Antártica ",-62.19194,-58.97972,2022-01-06,1.5
950001.0,"C.M.A. Eduardo Frei Montalva, Antártica ",-62.19194,-58.97972,2022-01-07,1.9
950001.0,"C.M.A. Eduardo Frei Montalva, Antártica ",-62.19194,-58.97972,2022-01-08,2.5
950001.0,"C.M.A. Eduardo Frei Montalva, Antártica ",-62.19194,-58.97972,2022-01-09,3.7
950001.0,"C.M.A. Eduardo Frei Montalva, Antártica ",-62.19194,-58.97972,2022-01-10,1.5
950001.0,"C.M.A. Eduardo Frei Montalva, Antártica ",-62.19194,-58.97972,2022-01-11,2.4
950001.0,"C.M.A. Eduardo Frei Montalva, Antártica ",-62.19194,-58.97972,2022-01-12,0.5
950001.0,"C.M.A. Eduardo Frei Montalva, Antártica ",-62.19194,-58.97972,2022-01-13,1.2
950001.0,"C.M.A. Eduardo Frei Montalva, Antártica ",-62.19194,-58.97972,2022-01-14,1.4
950001.0,"C.M.A. Eduardo Frei Montalva, Antártica ",-62.19194,-58.97972,2022-01-15,1.8
950001.0,"C.M.A. Eduardo Frei Montalva, Antártica ",-62.19194,-58.97972,2022-01-16,2.3
950001.0,"C.M.A. Eduardo Frei Montalva, Antártica ",-62.19194,-58.97972,2022-01-17,1.2
950001.0,"C.M.A. Eduardo Frei Montalva, Antártica ",-62.19194,-58.97972,2022-01-18,3.3
